{
  "position": 0.0,
  "health": 4.0768621118802265e-21,
  "has_target": 0.4255548826842171,
  "energy": 0.9180862681608358,
  "is_alive": 3.975449735908647e-31,
  "role": 1.0,
  "threatened": 1.0,
  "overall": 0.4521930765700062,
  "has_target_accuracy": 0.3,
  "has_target_precision": 0.0,
  "has_target_recall": 0.0,
  "has_target_f1": 0.0,
  "is_alive_accuracy": 0.3,
  "is_alive_precision": 1.0,
  "is_alive_recall": 0.0,
  "is_alive_f1": 0.0,
  "threatened_accuracy": 1.0,
  "threatened_precision": 1.0,
  "threatened_recall": 1.0,
  "threatened_f1": 1.0,
  "role_accuracy": 1.0,
  "position_mae": 26.91403579711914,
  "position_rmse": 33.971702575683594,
  "position_mape": 52.07839608192444,
  "health_mae": 6.092406272888184,
  "health_rmse": 6.851931095123291,
  "health_mape": 96.38566970825195,
  "energy_mae": 0.2434249371290207,
  "energy_rmse": 0.2923421263694763,
  "energy_mape": 68.87298226356506,
  "iteration": 1,
  "compression_level": 1.0
}