{
  "position": 0.0,
  "health": 1.7044826153870244e-20,
  "has_target": 0.4314372450198194,
  "energy": 0.9063096966225663,
  "is_alive": 4.248354255291589e-18,
  "role": 1.0,
  "threatened": 1.0,
  "overall": 0.4514996401932218,
  "has_target_accuracy": 0.3,
  "has_target_precision": 0.0,
  "has_target_recall": 0.0,
  "has_target_f1": 0.0,
  "is_alive_accuracy": 0.6,
  "is_alive_precision": 0.6666666666666666,
  "is_alive_recall": 0.8571428571428571,
  "is_alive_f1": 0.75,
  "threatened_accuracy": 1.0,
  "threatened_precision": 1.0,
  "threatened_recall": 1.0,
  "threatened_f1": 1.0,
  "role_accuracy": 1.0,
  "position_mae": 23.579097747802734,
  "position_rmse": 30.47821807861328,
  "position_mape": 49.22146797180176,
  "health_mae": 6.068021297454834,
  "health_rmse": 6.746735572814941,
  "health_mape": 101.60163640975952,
  "energy_mae": 0.23947212100028992,
  "energy_rmse": 0.3136466145515442,
  "energy_mape": 56.99073672294617,
  "iteration": 2,
  "compression_level": 1.0
}