{
  "position": 0.0,
  "health": 1.5011491633841388e-15,
  "has_target": 7.400170111069457e-15,
  "energy": 0.37826017172138765,
  "is_alive": 8.75651076269652e-27,
  "role": 1.0,
  "threatened": 1.0,
  "overall": 0.33861884373192896,
  "has_target_accuracy": 0.3,
  "has_target_precision": 0.3333333333333333,
  "has_target_recall": 0.75,
  "has_target_f1": 0.46153846153846156,
  "is_alive_accuracy": 0.4,
  "is_alive_precision": 0.3333333333333333,
  "is_alive_recall": 0.2,
  "is_alive_f1": 0.25,
  "threatened_accuracy": 1.0,
  "threatened_precision": 1.0,
  "threatened_recall": 1.0,
  "threatened_f1": 1.0,
  "role_accuracy": 1.0,
  "position_mae": 29.000591278076172,
  "position_rmse": 35.59345626831055,
  "position_mape": 60.925549268722534,
  "health_mae": 5.176911354064941,
  "health_rmse": 5.842306613922119,
  "health_mape": 113.62318992614746,
  "energy_mae": 0.7191799283027649,
  "energy_rmse": 0.9859883189201355,
  "energy_mape": 268.3171033859253,
  "iteration": 1,
  "compression_level": 0.5
}