{
  "position": 1.9727109757745854e-248,
  "health": 2.4566905817004137e-15,
  "has_target": 7.857097472211716e-10,
  "energy": 0.7234634690397542,
  "is_alive": 3.975449735908647e-31,
  "role": 1.0,
  "threatened": 1.0,
  "overall": 0.37923099645005487,
  "has_target_accuracy": 0.2,
  "has_target_precision": 0.25,
  "has_target_recall": 0.5,
  "has_target_f1": 0.3333333333333333,
  "is_alive_accuracy": 0.3,
  "is_alive_precision": 0.0,
  "is_alive_recall": 0.0,
  "is_alive_f1": 0.0,
  "threatened_accuracy": 1.0,
  "threatened_precision": 1.0,
  "threatened_recall": 1.0,
  "threatened_f1": 1.0,
  "role_accuracy": 1.0,
  "position_mae": 18.703357696533203,
  "position_rmse": 23.882246017456055,
  "position_mape": 50.54051876068115,
  "health_mae": 5.192523002624512,
  "health_rmse": 5.799996852874756,
  "health_mape": 118.58702898025513,
  "energy_mae": 0.3885992169380188,
  "energy_rmse": 0.5689510107040405,
  "energy_mape": 153.9080023765564,
  "iteration": 2,
  "compression_level": 0.5
}