{
  "position": 0.0,
  "health": 0.8971449414428792,
  "has_target": 1.2872468871217767e-31,
  "energy": 9.389640242118317e-26,
  "is_alive": 1.0,
  "role": 0.9646402877909159,
  "threatened": 1.0,
  "overall": 0.6287182791916768,
  "has_target_accuracy": 0.0,
  "has_target_precision": 1.0,
  "has_target_recall": 0.0,
  "has_target_f1": 0.0,
  "is_alive_accuracy": 1.0,
  "is_alive_precision": 1.0,
  "is_alive_recall": 1.0,
  "is_alive_f1": 1.0,
  "threatened_accuracy": 1.0,
  "threatened_precision": 1.0,
  "threatened_recall": 1.0,
  "threatened_f1": 1.0,
  "role_accuracy": 0.25,
  "position_mae": 65.83497619628906,
  "position_rmse": 73.71810150146484,
  "position_mape": 1758410.3515625,
  "health_mae": 0.3199935555458069,
  "health_rmse": 0.3294508457183838,
  "health_mape": 31999359.375,
  "energy_mae": 6.778141021728516,
  "energy_rmse": 7.591285228729248,
  "energy_mape": 107.90342092514038,
  "iteration": 4,
  "compression_level": 1.0
}