{
  "position": 0.0,
  "health": 0.8484590831739062,
  "has_target": 4.886148723726212e-42,
  "energy": 1.1842029370223183e-25,
  "is_alive": 1.0,
  "role": 0.9512294237919928,
  "threatened": 1.0,
  "overall": 0.6206239081013994,
  "has_target_accuracy": 0.0,
  "has_target_precision": 1.0,
  "has_target_recall": 0.0,
  "has_target_f1": 0.0,
  "is_alive_accuracy": 1.0,
  "is_alive_precision": 1.0,
  "is_alive_recall": 1.0,
  "is_alive_f1": 1.0,
  "threatened_accuracy": 1.0,
  "threatened_precision": 1.0,
  "threatened_recall": 1.0,
  "threatened_f1": 1.0,
  "role_accuracy": 0.15,
  "position_mae": 65.83070373535156,
  "position_rmse": 73.71842193603516,
  "position_mape": 1209603.125,
  "health_mae": 0.3908538222312927,
  "health_rmse": 0.40538057684898376,
  "health_mape": 39085387.5,
  "energy_mae": 6.760873317718506,
  "energy_rmse": 7.575985908508301,
  "energy_mape": 107.6063871383667,
  "iteration": 8,
  "compression_level": 1.0
}