{
  "position": 0.0,
  "health": 0.8534178635797691,
  "has_target": 6.496354959689713e-40,
  "energy": 7.951332976357174e-26,
  "is_alive": 1.0,
  "role": 0.9569539577012023,
  "threatened": 1.0,
  "overall": 0.6222175058978321,
  "has_target_accuracy": 0.0,
  "has_target_precision": 1.0,
  "has_target_recall": 0.0,
  "has_target_f1": 0.0,
  "is_alive_accuracy": 1.0,
  "is_alive_precision": 1.0,
  "is_alive_recall": 1.0,
  "is_alive_f1": 1.0,
  "threatened_accuracy": 1.0,
  "threatened_precision": 1.0,
  "threatened_recall": 1.0,
  "threatened_f1": 1.0,
  "role_accuracy": 0.3,
  "position_mae": 65.83448791503906,
  "position_rmse": 73.72026062011719,
  "position_mape": 2173818.359375,
  "health_mae": 0.388614684343338,
  "health_rmse": 0.39812806248664856,
  "health_mape": 38861468.75,
  "energy_mae": 6.785560607910156,
  "energy_rmse": 7.602228164672852,
  "energy_mape": 108.2435131072998,
  "iteration": 7,
  "compression_level": 1.0
}