{
  "position": 0.0,
  "health": 0.896638044177656,
  "has_target": 9.227074309995695e-36,
  "energy": 2.194855641705999e-25,
  "is_alive": 1.0,
  "role": 0.9723883641496289,
  "threatened": 1.0,
  "overall": 0.6300259518120117,
  "has_target_accuracy": 0.0,
  "has_target_precision": 1.0,
  "has_target_recall": 0.0,
  "has_target_f1": 0.0,
  "is_alive_accuracy": 1.0,
  "is_alive_precision": 1.0,
  "is_alive_recall": 1.0,
  "is_alive_f1": 1.0,
  "threatened_accuracy": 1.0,
  "threatened_precision": 1.0,
  "threatened_recall": 1.0,
  "threatened_f1": 1.0,
  "role_accuracy": 0.3,
  "position_mae": 65.83308410644531,
  "position_rmse": 73.72688293457031,
  "position_mape": 1004275.09765625,
  "health_mae": 0.3218564987182617,
  "health_rmse": 0.3303074538707733,
  "health_mape": 32185646.875,
  "energy_mae": 6.711484432220459,
  "energy_rmse": 7.535151958465576,
  "energy_mape": 106.4812421798706,
  "iteration": 3,
  "compression_level": 1.0
}