{
  "position": 0.0,
  "health": 0.8697232901001974,
  "has_target": 6.398713125656594e-40,
  "energy": 7.624526980895614e-26,
  "is_alive": 1.0,
  "role": 0.978240233345711,
  "threatened": 1.0,
  "overall": 0.6278921929551488,
  "has_target_accuracy": 0.0,
  "has_target_precision": 1.0,
  "has_target_recall": 0.0,
  "has_target_f1": 0.0,
  "is_alive_accuracy": 1.0,
  "is_alive_precision": 1.0,
  "is_alive_recall": 1.0,
  "is_alive_f1": 1.0,
  "threatened_accuracy": 1.0,
  "threatened_precision": 1.0,
  "threatened_recall": 1.0,
  "threatened_f1": 1.0,
  "role_accuracy": 0.45,
  "position_mae": 65.85948181152344,
  "position_rmse": 73.73681640625,
  "position_mape": 2433503.90625,
  "health_mae": 0.3599279820919037,
  "health_rmse": 0.37360429763793945,
  "health_mape": 35992796.875,
  "energy_mae": 6.8117475509643555,
  "energy_rmse": 7.604987621307373,
  "energy_mape": 109.4535231590271,
  "iteration": 14,
  "compression_level": 1.0
}