{
  "position": 0.0,
  "health": 0.8747704618389652,
  "has_target": 5.531037773938303e-40,
  "energy": 5.1036568970065605e-26,
  "is_alive": 1.0,
  "role": 0.9743350872712347,
  "threatened": 1.0,
  "overall": 0.6277968344406845,
  "has_target_accuracy": 0.0,
  "has_target_precision": 1.0,
  "has_target_recall": 0.0,
  "has_target_f1": 0.0,
  "is_alive_accuracy": 1.0,
  "is_alive_precision": 1.0,
  "is_alive_recall": 1.0,
  "is_alive_f1": 1.0,
  "threatened_accuracy": 1.0,
  "threatened_precision": 1.0,
  "threatened_recall": 1.0,
  "threatened_f1": 1.0,
  "role_accuracy": 0.35,
  "position_mae": 65.8512954711914,
  "position_rmse": 73.74309539794922,
  "position_mape": 2206357.2265625,
  "health_mae": 0.34913015365600586,
  "health_rmse": 0.3657782971858978,
  "health_mape": 34913015.625,
  "energy_mae": 6.8061652183532715,
  "energy_rmse": 7.631333827972412,
  "energy_mape": 108.20214748382568,
  "iteration": 6,
  "compression_level": 1.0
}