{
  "position": 0.0,
  "health": 0.883054227379944,
  "has_target": 1.0421887651017928e-33,
  "energy": 8.443091958207133e-26,
  "is_alive": 1.0,
  "role": 0.980198671919176,
  "threatened": 1.0,
  "overall": 0.6298061453245538,
  "has_target_accuracy": 0.0,
  "has_target_precision": 1.0,
  "has_target_recall": 0.0,
  "has_target_f1": 0.0,
  "is_alive_accuracy": 1.0,
  "is_alive_precision": 1.0,
  "is_alive_recall": 1.0,
  "is_alive_f1": 1.0,
  "threatened_accuracy": 1.0,
  "threatened_precision": 1.0,
  "threatened_recall": 1.0,
  "threatened_f1": 1.0,
  "role_accuracy": 0.5,
  "position_mae": 65.8419189453125,
  "position_rmse": 73.73333740234375,
  "position_mape": 1102123.73046875,
  "health_mae": 0.32151344418525696,
  "health_rmse": 0.3526594340801239,
  "health_mape": 32151343.75,
  "energy_mae": 6.794048309326172,
  "energy_rmse": 7.598280429840088,
  "energy_mape": 108.61859321594238,
  "iteration": 13,
  "compression_level": 1.0
}