{
  "position": 0.0,
  "health": 0.9662931430234006,
  "has_target": 1.0007512630167506e-31,
  "energy": 2.282358401696379e-25,
  "is_alive": 1.0,
  "role": 0.9743350872712347,
  "threatened": 1.0,
  "overall": 0.6385642086976768,
  "has_target_accuracy": 0.0,
  "has_target_precision": 1.0,
  "has_target_recall": 0.0,
  "has_target_f1": 0.0,
  "is_alive_accuracy": 1.0,
  "is_alive_precision": 1.0,
  "is_alive_recall": 1.0,
  "is_alive_f1": 1.0,
  "threatened_accuracy": 1.0,
  "threatened_precision": 1.0,
  "threatened_recall": 1.0,
  "threatened_f1": 1.0,
  "role_accuracy": 0.35,
  "position_mae": 65.8547592163086,
  "position_rmse": 73.74395751953125,
  "position_mape": 1279795.80078125,
  "health_mae": 0.17332883179187775,
  "health_rmse": 0.1851702779531479,
  "health_mape": 17332881.25,
  "energy_mae": 6.7101030349731445,
  "energy_rmse": 7.532557010650635,
  "energy_mape": 106.4393162727356,
  "iteration": 2,
  "compression_level": 1.0
}