{
  "position": 0.0,
  "health": 0.8872468123455615,
  "has_target": 1.1585358698862808e-35,
  "energy": 5.844857295389335e-26,
  "is_alive": 1.0,
  "role": 0.9646402877909159,
  "threatened": 1.0,
  "overall": 0.6275537934155218,
  "has_target_accuracy": 0.0,
  "has_target_precision": 1.0,
  "has_target_recall": 0.0,
  "has_target_f1": 0.0,
  "is_alive_accuracy": 1.0,
  "is_alive_precision": 1.0,
  "is_alive_recall": 1.0,
  "is_alive_f1": 1.0,
  "threatened_accuracy": 1.0,
  "threatened_precision": 1.0,
  "threatened_recall": 1.0,
  "threatened_f1": 1.0,
  "role_accuracy": 0.1,
  "position_mae": 65.83552551269531,
  "position_rmse": 73.72277069091797,
  "position_mape": 2212644.3359375,
  "health_mae": 0.33501237630844116,
  "health_rmse": 0.3458787202835083,
  "health_mape": 33501240.625,
  "energy_mae": 6.8194475173950195,
  "energy_rmse": 7.622443675994873,
  "energy_mape": 108.88267755508423,
  "iteration": 11,
  "compression_level": 1.0
}