{
  "position": 0.0,
  "health": 0.9979760232419012,
  "has_target": 1.8527930522525167e-06,
  "energy": 9.425891640854823e-25,
  "is_alive": 1.0,
  "role": 0.964640291384481,
  "threatened": 1.0,
  "overall": 0.6405809780131382,
  "has_target_accuracy": 0.0,
  "has_target_precision": 1.0,
  "has_target_recall": 0.0,
  "has_target_f1": 0.0,
  "is_alive_accuracy": 1.0,
  "is_alive_precision": 1.0,
  "is_alive_recall": 1.0,
  "is_alive_f1": 1.0,
  "threatened_accuracy": 1.0,
  "threatened_precision": 1.0,
  "threatened_recall": 1.0,
  "threatened_f1": 1.0,
  "role_accuracy": 0.1,
  "position_mae": 65.87386322021484,
  "position_rmse": 73.76783752441406,
  "position_mape": 889024.90234375,
  "health_mae": 0.041967764496803284,
  "health_rmse": 0.04501141980290413,
  "health_mape": 4196775.78125,
  "energy_mae": 6.60443115234375,
  "energy_rmse": 7.437819957733154,
  "energy_mape": 104.13956642150879,
  "iteration": 1,
  "compression_level": 1.0
}