{
  "position": 0.0,
  "health": 0.8855515110970353,
  "has_target": 7.933196980855681e-38,
  "energy": 5.668142690215311e-26,
  "is_alive": 0.006737946999085467,
  "role": 0.9665714992507706,
  "threatened": 1.0,
  "overall": 0.3939864298789838,
  "has_target_accuracy": 0.0,
  "has_target_precision": 1.0,
  "has_target_recall": 0.0,
  "has_target_f1": 0.0,
  "is_alive_accuracy": 0.95,
  "is_alive_precision": 0.0,
  "is_alive_recall": 1.0,
  "is_alive_f1": 0.0,
  "threatened_accuracy": 1.0,
  "threatened_precision": 1.0,
  "threatened_recall": 1.0,
  "threatened_f1": 1.0,
  "role_accuracy": 0.15,
  "position_mae": 65.85173034667969,
  "position_rmse": 73.7364730834961,
  "position_mape": 1585724.70703125,
  "health_mae": 0.3381093740463257,
  "health_rmse": 0.3486325442790985,
  "health_mape": 33810940.625,
  "energy_mae": 6.799464225769043,
  "energy_rmse": 7.624456405639648,
  "energy_mape": 107.99468755722046,
  "iteration": 5,
  "compression_level": 1.0
}