{
  "position": 0.0,
  "health": 0.8678382855418499,
  "has_target": 5.248240384174187e-40,
  "energy": 4.771671101170249e-26,
  "is_alive": 1.0,
  "role": 0.9685065769991784,
  "threatened": 1.0,
  "overall": 0.6259527236518374,
  "has_target_accuracy": 0.0,
  "has_target_precision": 1.0,
  "has_target_recall": 0.0,
  "has_target_f1": 0.0,
  "is_alive_accuracy": 1.0,
  "is_alive_precision": 1.0,
  "is_alive_recall": 1.0,
  "is_alive_f1": 1.0,
  "threatened_accuracy": 1.0,
  "threatened_precision": 1.0,
  "threatened_recall": 1.0,
  "threatened_f1": 1.0,
  "role_accuracy": 0.2,
  "position_mae": 65.8670425415039,
  "position_rmse": 73.75584411621094,
  "position_mape": 1253849.0234375,
  "health_mae": 0.35616570711135864,
  "health_rmse": 0.3764968514442444,
  "health_mape": 35616568.75,
  "energy_mae": 6.831570625305176,
  "energy_rmse": 7.635739326477051,
  "energy_mape": 109.11387205123901,
  "iteration": 12,
  "compression_level": 1.0
}