{
  "position": 0.0,
  "health": 0.8872870513951553,
  "has_target": 4.4803283774263555e-42,
  "energy": 1.098690206986641e-25,
  "is_alive": 1.0,
  "role": 0.9665714992507706,
  "threatened": 1.0,
  "overall": 0.6278993294436837,
  "has_target_accuracy": 0.0,
  "has_target_precision": 1.0,
  "has_target_recall": 0.0,
  "has_target_f1": 0.0,
  "is_alive_accuracy": 1.0,
  "is_alive_precision": 1.0,
  "is_alive_recall": 1.0,
  "is_alive_f1": 1.0,
  "threatened_accuracy": 1.0,
  "threatened_precision": 1.0,
  "threatened_recall": 1.0,
  "threatened_f1": 1.0,
  "role_accuracy": 0.15,
  "position_mae": 65.83513641357422,
  "position_rmse": 73.7198715209961,
  "position_mape": 1832169.3359375,
  "health_mae": 0.33250847458839417,
  "health_rmse": 0.345813125371933,
  "health_mape": 33250846.875,
  "energy_mae": 6.768599033355713,
  "energy_rmse": 7.580930709838867,
  "energy_mape": 107.66204595565796,
  "iteration": 10,
  "compression_level": 1.0
}