{
  "position": 0.0,
  "health": 0.8735962931116791,
  "has_target": 1.0881776745044678e-35,
  "energy": 6.177333675342302e-26,
  "is_alive": 1.0,
  "role": 0.980198671919176,
  "threatened": 1.0,
  "overall": 0.6286934471753463,
  "has_target_accuracy": 0.0,
  "has_target_precision": 1.0,
  "has_target_recall": 0.0,
  "has_target_f1": 0.0,
  "is_alive_accuracy": 1.0,
  "is_alive_precision": 1.0,
  "is_alive_recall": 1.0,
  "is_alive_f1": 1.0,
  "threatened_accuracy": 1.0,
  "threatened_precision": 1.0,
  "threatened_recall": 1.0,
  "threatened_f1": 1.0,
  "role_accuracy": 0.5,
  "position_mae": 65.82841491699219,
  "position_rmse": 73.70696258544922,
  "position_mape": 2095586.1328125,
  "health_mae": 0.3492172360420227,
  "health_rmse": 0.36760976910591125,
  "health_mape": 34921728.125,
  "energy_mae": 6.808457851409912,
  "energy_rmse": 7.618814468383789,
  "energy_mape": 108.76162052154541,
  "iteration": 9,
  "compression_level": 1.0
}