{
  "total_loss": {
    "epochs": [
      0,
      1,
      2,
      3,
      4,
      5,
      6,
      7,
      8,
      9,
      10,
      11,
      12,
      13,
      14,
      15,
      16,
      17,
      18,
      19,
      20,
      21,
      22,
      23,
      24,
      25,
      26,
      27,
      28,
      29,
      30,
      31,
      32,
      33,
      34,
      35,
      36,
      37,
      38,
      39,
      40,
      41,
      42,
      43,
      44,
      45,
      46,
      47,
      48,
      49,
      50,
      51,
      52,
      53,
      54,
      55,
      56,
      57,
      58,
      59,
      60,
      61,
      62,
      63,
      64,
      65,
      66,
      67,
      68,
      69,
      70,
      71,
      72,
      73,
      74,
      75,
      76,
      77,
      78,
      79,
      80,
      81,
      82,
      83,
      84,
      85,
      86,
      87,
      88,
      89,
      90,
      91,
      92,
      93,
      94,
      95,
      96,
      97,
      98,
      99
    ],
    "values": [
      1.1,
      1.0851903441390967,
      1.0707229056920762,
      1.0565405439173157,
      1.0425872635020683,
      1.0288086949661697,
      1.0151525603869092,
      1.0015691197606904,
      0.9880115935111875,
      0.9744365568926462,
      0.9608043023183767,
      0.9470791659655502,
      0.9332298153649148,
      0.9192294950744259,
      0.9050562279551484,
      0.8906929700119206,
      0.8761277172257662,
      0.861353563285233,
      0.8463687076149408,
      0.8311764135967266,
      0.8157849173769234,
      0.8002072881475004,
      0.7844612412741209,
      0.7685689061157619,
      0.7525565508336983,
      0.7364542669178312,
      0.7202956165612676,
      0.7041172463856811,
      0.6879584713566101,
      0.6718608330261011,
      0.6558676364970198,
      0.640023470716339,
      0.6243737168716695,
      0.6089640497845368,
      0.593839937264248,
      0.5790461424069285,
      0.5646262337952291,
      0.5506221084756098,
      0.5370735324627732,
      0.5240177033460248,
      0.5114888393518251,
      0.49951779895277876,
      0.48813173480840033,
      0.4773537854802761,
      0.4672028079871056,
      0.4576931538573442,
      0.44883449090284094,
      0.4406316724803161,
      0.43308465553332,
      0.4261884682201829,
      0.4199332274382854,
      0.4143042060566917,
      0.4092819491727725,
      0.40484243821886234,
      0.40095730126713974,
      0.39759406741956,
      0.39471646272942335,
      0.39228474468642205,
      0.39025607191191747,
      0.3885849053596195,
      0.38722343700225587,
      0.3861220417104095,
      0.3852297477981758,
      0.3844947215239879,
      0.38386476069571884,
      0.3832877924384034,
      0.3827123701415192,
      0.38208816461115586,
      0.38136644451048635,
      0.3805005412791665,
      0.37944629387754597,
      0.3781624689033303,
      0.37661115187457944,
      0.374758105761187,
      0.3725730931743941,
      0.3700301589871668,
      0.3671078705537891,
      0.36378951312082797,
      0.36006323846949495,
      0.35592216529687204,
      0.3513644303258245,
      0.34639318962586896,
      0.34101657012488057,
      0.33524757178933523,
      0.329103921443824,
      0.3226078796839092,
      0.31578600280519886,
      0.30866886212110606,
      0.30129072346763863,
      0.2936891900914897,
      0.2859048124836744,
      0.2779806690513484,
      0.26996192181193307,
      0.2618953515433504,
      0.2538288770295518,
      0.2458110631995446,
      0.23789062306920117,
      0.23011591845715582,
      0.2225344644584486,
      0.21519244262212675
    ]
  },
  "reconstruction_loss": {
    "epochs": [
      0,
      1,
      2,
      3,
      4,
      5,
      6,
      7,
      8,
      9,
      10,
      11,
      12,
      13,
      14,
      15,
      16,
      17,
      18,
      19,
      20,
      21,
      22,
      23,
      24,
      25,
      26,
      27,
      28,
      29,
      30,
      31,
      32,
      33,
      34,
      35,
      36,
      37,
      38,
      39,
      40,
      41,
      42,
      43,
      44,
      45,
      46,
      47,
      48,
      49,
      50,
      51,
      52,
      53,
      54,
      55,
      56,
      57,
      58,
      59,
      60,
      61,
      62,
      63,
      64,
      65,
      66,
      67,
      68,
      69,
      70,
      71,
      72,
      73,
      74,
      75,
      76,
      77,
      78,
      79,
      80,
      81,
      82,
      83,
      84,
      85,
      86,
      87,
      88,
      89,
      90,
      91,
      92,
      93,
      94,
      95,
      96,
      97,
      98,
      99
    ],
    "values": [
      0.75,
      0.7421702596766891,
      0.7344733891150398,
      0.7268487730230812,
      0.7192376556802585,
      0.7115840084287403,
      0.7038353554258716,
      0.6959435447586975,
      0.6878654528743002,
      0.6795636113205133,
      0.6710067460040975,
      0.6621702205388166,
      0.6530363767527089,
      0.6435947670288443,
      0.6338422748419653,
      0.6237831215982742,
      0.6134287596600245,
      0.6027976532128133,
      0.5919149503838402,
      0.5808120517165732,
      0.5695260817247711,
      0.5580992717614021,
      0.546578263822079,
      0.5350133461365961,
      0.5234576324667435,
      0.5119661979071911,
      0.5005951846651535,
      0.48940089176318063,
      0.4784388628604506,
      0.4677629864174643,
      0.45742462223657304,
      0.44747176799934574,
      0.43794827879778436,
      0.428893151829601,
      0.42033988741104517,
      0.41231593627000407,
      0.40484224173586564,
      0.39793288396193444,
      0.39159483172414844,
      0.38582780566127794,
      0.38062425508292025,
      0.37596944869953547,
      0.3718416778511889,
      0.368212569056278,
      0.3650475009957478,
      0.3623061194187333,
      0.35994294192766024,
      0.35790804319840697,
      0.3561478099360873,
      0.3546057537789234,
      0.353223369458528,
      0.351941024818814,
      0.35069886879871176,
      0.34943774320366305,
      0.3481000840318379,
      0.34663079828412136,
      0.34497810256958245,
      0.3430943104144054,
      0.34093655598282613,
      0.3384674429109801,
      0.3356556081232518,
      0.3324761918274752,
      0.32891120634947457,
      0.3249497980461022,
      0.3205883982044901,
      0.3158307605676552,
      0.3106878848958359,
      0.30517782775139957,
      0.2993254034550778,
      0.2931617798752097,
      0.2867239753528441,
      0.28005426460837884,
      0.2731995028957942,
      0.2662103789463429,
      0.2591406083548427,
      0.2520460799911654,
      0.24498396875261655,
      0.23801182849820657,
      0.2311866793151406,
      0.2245641033563648,
      0.21819736335432766,
      0.21213655756232355,
      0.2064278243064131,
      0.20111260855681984,
      0.19622700195997445,
      0.19180116662610946,
      0.18785885166039135,
      0.18441700997840377,
      0.1814855213819529,
      0.17906702621306417,
      0.177156872178563,
      0.1757431751716973,
      0.17480699313842998,
      0.17432261027205936,
      0.17425792709824062,
      0.17457495036015125,
      0.17523037505624572,
      0.17617624954508554,
      0.17736071333554618,
      0.17872879604652048
    ]
  },