{
  "position": 0.0,
  "health": 0.8101788966641562,
  "has_target": 3.095773956696895e-10,
  "energy": 2.752956628045462e-24,
  "is_alive": 1.0,
  "role": 0.986097542918361,
  "threatened": 1.0,
  "overall": 0.6222735542766206,
  "has_target_accuracy": 0.0,
  "has_target_precision": 1.0,
  "has_target_recall": 0.0,
  "has_target_f1": 0.0,
  "is_alive_accuracy": 1.0,
  "is_alive_precision": 1.0,
  "is_alive_recall": 1.0,
  "is_alive_f1": 1.0,
  "threatened_accuracy": 1.0,
  "threatened_precision": 1.0,
  "threatened_recall": 1.0,
  "threatened_f1": 1.0,
  "role_accuracy": 0.65,
  "position_mae": 65.9058609008789,
  "position_rmse": 73.80323791503906,
  "position_mape": 1008905.95703125,
  "health_mae": 0.4536190927028656,
  "health_rmse": 0.4588029682636261,
  "health_mape": 45361909.375,
  "energy_mae": 6.5085344314575195,
  "energy_rmse": 7.365417003631592,
  "energy_mape": 101.84087753295898,
  "iteration": 3,
  "compression_level": 0.5
}