{
  "position": 0.0,
  "health": 0.785772391110887,
  "has_target": 1.3151780604316869e-14,
  "energy": 8.673407931989e-25,
  "is_alive": 1.0,
  "role": 0.986097542918361,
  "threatened": 1.0,
  "overall": 0.6194022006456991,
  "has_target_accuracy": 0.0,
  "has_target_precision": 1.0,
  "has_target_recall": 0.0,
  "has_target_f1": 0.0,
  "is_alive_accuracy": 1.0,
  "is_alive_precision": 1.0,
  "is_alive_recall": 1.0,
  "is_alive_f1": 1.0,
  "threatened_accuracy": 1.0,
  "threatened_precision": 1.0,
  "threatened_recall": 1.0,
  "threatened_f1": 1.0,
  "role_accuracy": 0.65,
  "position_mae": 65.92984008789062,
  "position_rmse": 73.81293487548828,
  "position_mape": 1458502.1484375,
  "health_mae": 0.47238653898239136,
  "health_rmse": 0.4910072088241577,
  "health_mape": 47238650.0,
  "energy_mae": 6.598753452301025,
  "energy_rmse": 7.443410396575928,
  "energy_mape": 104.18846607208252,
  "iteration": 12,
  "compression_level": 0.5
}