{
  "position": 0.0,
  "health": 0.7535400497699886,
  "has_target": 2.0510656750113002e-14,
  "energy": 3.1744288030014808e-24,
  "is_alive": 1.0,
  "role": 0.9900498330484057,
  "threatened": 1.0,
  "overall": 0.6163076234520726,
  "has_target_accuracy": 0.0,
  "has_target_precision": 1.0,
  "has_target_recall": 0.0,
  "has_target_f1": 0.0,
  "is_alive_accuracy": 1.0,
  "is_alive_precision": 1.0,
  "is_alive_recall": 1.0,
  "is_alive_f1": 1.0,
  "threatened_accuracy": 1.0,
  "threatened_precision": 1.0,
  "threatened_recall": 1.0,
  "threatened_f1": 1.0,
  "role_accuracy": 0.75,
  "position_mae": 65.89482116699219,
  "position_rmse": 73.79580688476562,
  "position_mape": 1401295.01953125,
  "health_mae": 0.522482693195343,
  "health_rmse": 0.5319522023200989,
  "health_mape": 52248256.25,
  "energy_mae": 6.52423095703125,
  "energy_rmse": 7.355740070343018,
  "energy_mape": 102.57900953292847,
  "iteration": 6,
  "compression_level": 0.5
}