{
  "position": 0.0,
  "health": 0.7945801533608662,
  "has_target": 2.437596950811238e-14,
  "energy": 2.3612679849581975e-24,
  "is_alive": 1.0,
  "role": 0.9920319144601087,
  "threatened": 1.0,
  "overall": 0.6214856500060063,
  "has_target_accuracy": 0.0,
  "has_target_precision": 1.0,
  "has_target_recall": 0.0,
  "has_target_f1": 0.0,
  "is_alive_accuracy": 1.0,
  "is_alive_precision": 1.0,
  "is_alive_recall": 1.0,
  "is_alive_f1": 1.0,
  "threatened_accuracy": 1.0,
  "threatened_precision": 1.0,
  "threatened_recall": 1.0,
  "threatened_f1": 1.0,
  "role_accuracy": 0.8,
  "position_mae": 65.87238311767578,
  "position_rmse": 73.75861358642578,
  "position_mape": 1023856.25,
  "health_mae": 0.4646588861942291,
  "health_rmse": 0.47952207922935486,
  "health_mape": 46465884.375,
  "energy_mae": 6.546710014343262,
  "energy_rmse": 7.375828266143799,
  "energy_mape": 103.11051607131958,
  "iteration": 15,
  "compression_level": 0.5
}