{
  "position": 0.0,
  "health": 0.9646295323105156,
  "has_target": 9.429912466392954e-34,
  "energy": 4.026470407394657e-24,
  "is_alive": 1.0,
  "role": 0.9980019985725279,
  "threatened": 1.0,
  "overall": 0.6425450035493303,
  "has_target_accuracy": 0.0,
  "has_target_precision": 1.0,
  "has_target_recall": 0.0,
  "has_target_f1": 0.0,
  "is_alive_accuracy": 1.0,
  "is_alive_precision": 1.0,
  "is_alive_recall": 1.0,
  "is_alive_f1": 1.0,
  "threatened_accuracy": 1.0,
  "threatened_precision": 1.0,
  "threatened_recall": 1.0,
  "threatened_f1": 1.0,
  "role_accuracy": 0.95,
  "position_mae": 65.89067077636719,
  "position_rmse": 73.7835464477539,
  "position_mape": 780208.740234375,
  "health_mae": 0.18746188282966614,
  "health_rmse": 0.1897660493850708,
  "health_mape": 18746185.9375,
  "energy_mae": 6.496021270751953,
  "energy_rmse": 7.3395609855651855,
  "energy_mape": 101.84712409973145,
  "iteration": 1,
  "compression_level": 0.5
}