{
  "position": 0.0,
  "health": 0.8845767899400654,
  "has_target": 4.1147935897408705e-08,
  "energy": 2.772876556556481e-24,
  "is_alive": 1.0,
  "role": 0.9880717109184396,
  "threatened": 1.0,
  "overall": 0.63137463499596,
  "has_target_accuracy": 0.0,
  "has_target_precision": 1.0,
  "has_target_recall": 0.0,
  "has_target_f1": 0.0,
  "is_alive_accuracy": 1.0,
  "is_alive_precision": 1.0,
  "is_alive_recall": 1.0,
  "is_alive_f1": 1.0,
  "threatened_accuracy": 1.0,
  "threatened_precision": 1.0,
  "threatened_recall": 1.0,
  "threatened_f1": 1.0,
  "role_accuracy": 0.85,
  "position_mae": 65.87660217285156,
  "position_rmse": 73.76983642578125,
  "position_mape": 543976.26953125,
  "health_mae": 0.34859564900398254,
  "health_rmse": 0.35020843148231506,
  "health_mape": 34859562.5,
  "energy_mae": 6.518849849700928,
  "energy_rmse": 7.364926815032959,
  "energy_mape": 102.4100661277771,
  "iteration": 2,
  "compression_level": 0.5
}