{
  "position": 0.0,
  "health": 0.7689698797366742,
  "has_target": 2.1668510652725903e-12,
  "energy": 2.7082606591319717e-24,
  "is_alive": 1.0,
  "role": 0.9920319144601087,
  "threatened": 1.0,
  "overall": 0.6184726766387063,
  "has_target_accuracy": 0.0,
  "has_target_precision": 1.0,
  "has_target_recall": 0.0,
  "has_target_f1": 0.0,
  "is_alive_accuracy": 1.0,
  "is_alive_precision": 1.0,
  "is_alive_recall": 1.0,
  "is_alive_f1": 1.0,
  "threatened_accuracy": 1.0,
  "threatened_precision": 1.0,
  "threatened_recall": 1.0,
  "threatened_f1": 1.0,
  "role_accuracy": 0.8,
  "position_mae": 65.86641693115234,
  "position_rmse": 73.7448959350586,
  "position_mape": 2228144.921875,
  "health_mae": 0.5030732750892639,
  "health_rmse": 0.5125460624694824,
  "health_mape": 50307318.75,
  "energy_mae": 6.509995460510254,
  "energy_rmse": 7.366528511047363,
  "energy_mape": 101.93029642105103,
  "iteration": 9,
  "compression_level": 0.5
}