{
  "position": 0.0,
  "health": 0.7761668653907519,
  "has_target": 1.708813948519224e-14,
  "energy": 2.4394310284992e-24,
  "is_alive": 1.0,
  "role": 0.9880717118386532,
  "threatened": 1.0,
  "overall": 0.6186205215469116,
  "has_target_accuracy": 0.0,
  "has_target_precision": 1.0,
  "has_target_recall": 0.0,
  "has_target_f1": 0.0,
  "is_alive_accuracy": 1.0,
  "is_alive_precision": 1.0,
  "is_alive_recall": 1.0,
  "is_alive_f1": 1.0,
  "threatened_accuracy": 1.0,
  "threatened_precision": 1.0,
  "threatened_recall": 1.0,
  "threatened_f1": 1.0,
  "role_accuracy": 0.7,
  "position_mae": 65.8976821899414,
  "position_rmse": 73.7963638305664,
  "position_mape": 1593049.4140625,
  "health_mae": 0.4944225251674652,
  "health_rmse": 0.503376305103302,
  "health_mape": 49442250.0,
  "energy_mae": 6.52770471572876,
  "energy_rmse": 7.373620510101318,
  "energy_mape": 102.4001955986023,
  "iteration": 4,
  "compression_level": 0.5
}