{
  "position": 0.0,
  "health": 0.7406757996970081,
  "has_target": 4.02052086062181e-10,
  "energy": 3.517648262572479e-24,
  "is_alive": 1.0,
  "role": 0.9920319144601087,
  "threatened": 1.0,
  "overall": 0.6151439613869675,
  "has_target_accuracy": 0.0,
  "has_target_precision": 1.0,
  "has_target_recall": 0.0,
  "has_target_f1": 0.0,
  "is_alive_accuracy": 1.0,
  "is_alive_precision": 1.0,
  "is_alive_recall": 1.0,
  "is_alive_f1": 1.0,
  "threatened_accuracy": 1.0,
  "threatened_precision": 1.0,
  "threatened_recall": 1.0,
  "threatened_f1": 1.0,
  "role_accuracy": 0.8,
  "position_mae": 65.90771484375,
  "position_rmse": 73.80630493164062,
  "position_mape": 1496757.32421875,
  "health_mae": 0.5356234312057495,
  "health_rmse": 0.5478980541229248,
  "health_mape": 53562343.75,
  "energy_mae": 6.490220546722412,
  "energy_rmse": 7.348758220672607,
  "energy_mape": 101.22565031051636,
  "iteration": 10,
  "compression_level": 0.5
}