{
  "position": 0.0,
  "health": 0.7323317776446333,
  "has_target": 2.1314228841607978e-12,
  "energy": 4.2297773196185844e-24,
  "is_alive": 1.0,
  "role": 0.9880717118386532,
  "threatened": 1.0,
  "overall": 0.6134634524005582,
  "has_target_accuracy": 0.0,
  "has_target_precision": 1.0,
  "has_target_recall": 0.0,
  "has_target_f1": 0.0,
  "is_alive_accuracy": 1.0,
  "is_alive_precision": 1.0,
  "is_alive_recall": 1.0,
  "is_alive_f1": 1.0,
  "threatened_accuracy": 1.0,
  "threatened_precision": 1.0,
  "threatened_recall": 1.0,
  "threatened_f1": 1.0,
  "role_accuracy": 0.7,
  "position_mae": 65.8815689086914,
  "position_rmse": 73.77222442626953,
  "position_mape": 1912484.375,
  "health_mae": 0.5498360395431519,
  "health_rmse": 0.5581412315368652,
  "health_mape": 54983600.0,
  "energy_mae": 6.490365028381348,
  "energy_rmse": 7.3362040519714355,
  "energy_mape": 101.70221328735352,
  "iteration": 11,
  "compression_level": 0.5
}