{
  "position": 0.0,
  "health": 0.7532317524439084,
  "has_target": 4.2776148991205445e-08,
  "energy": 3.1683314858763822e-24,
  "is_alive": 1.0,
  "role": 0.9920319144601087,
  "threatened": 1.0,
  "overall": 0.6166211372835553,
  "has_target_accuracy": 0.0,
  "has_target_precision": 1.0,
  "has_target_recall": 0.0,
  "has_target_f1": 0.0,
  "is_alive_accuracy": 1.0,
  "is_alive_precision": 1.0,
  "is_alive_recall": 1.0,
  "is_alive_f1": 1.0,
  "threatened_accuracy": 1.0,
  "threatened_precision": 1.0,
  "threatened_recall": 1.0,
  "threatened_f1": 1.0,
  "role_accuracy": 0.8,
  "position_mae": 65.90888977050781,
  "position_rmse": 73.80818176269531,
  "position_mape": 873533.30078125,
  "health_mae": 0.5148709416389465,
  "health_rmse": 0.5323367118835449,
  "health_mape": 51487084.375,
  "energy_mae": 6.5266852378845215,
  "energy_rmse": 7.355871677398682,
  "energy_mape": 102.82166004180908,
  "iteration": 8,
  "compression_level": 0.5
}