{
  "position": 0.0,
  "health": 0.7756840514625122,
  "has_target": 2.1578517291474565e-12,
  "energy": 2.4355908040416753e-24,
  "is_alive": 1.0,
  "role": 0.9900498330484057,
  "threatened": 1.0,
  "overall": 0.6189128001220328,
  "has_target_accuracy": 0.0,
  "has_target_precision": 1.0,
  "has_target_recall": 0.0,
  "has_target_f1": 0.0,
  "is_alive_accuracy": 1.0,
  "is_alive_precision": 1.0,
  "is_alive_recall": 1.0,
  "is_alive_f1": 1.0,
  "threatened_accuracy": 1.0,
  "threatened_precision": 1.0,
  "threatened_recall": 1.0,
  "threatened_f1": 1.0,
  "role_accuracy": 0.75,
  "position_mae": 65.89015197753906,
  "position_rmse": 73.76524353027344,
  "position_mape": 2072996.2890625,
  "health_mae": 0.4939480423927307,
  "health_rmse": 0.5039940476417542,
  "health_mape": 49394806.25,
  "energy_mae": 6.513397216796875,
  "energy_rmse": 7.373726844787598,
  "energy_mape": 101.90455913543701,
  "iteration": 13,
  "compression_level": 0.5
}