{
  "position": 0.0,
  "health": 0.7927693600361643,
  "has_target": 1.7924790334342756e-14,
  "energy": 1.4719727997003943e-24,
  "is_alive": 1.0,
  "role": 0.986097542918361,
  "threatened": 1.0,
  "overall": 0.6202253734604382,
  "has_target_accuracy": 0.0,
  "has_target_precision": 1.0,
  "has_target_recall": 0.0,
  "has_target_f1": 0.0,
  "is_alive_accuracy": 1.0,
  "is_alive_precision": 1.0,
  "is_alive_recall": 1.0,
  "is_alive_f1": 1.0,
  "threatened_accuracy": 1.0,
  "threatened_precision": 1.0,
  "threatened_recall": 1.0,
  "threatened_f1": 1.0,
  "role_accuracy": 0.65,
  "position_mae": 65.9218521118164,
  "position_rmse": 73.8087387084961,
  "position_mape": 1320336.1328125,
  "health_mae": 0.46725040674209595,
  "health_rmse": 0.4818951189517975,
  "health_mape": 46725040.625,
  "energy_mae": 6.565840721130371,
  "energy_rmse": 7.4077959060668945,
  "energy_mape": 103.31637859344482,
  "iteration": 5,
  "compression_level": 0.5
}