{
  "position": 0.0,
  "health": 0.7817213494093768,
  "has_target": 3.398680943137744e-10,
  "energy": 1.5323855584177528e-24,
  "is_alive": 1.0,
  "role": 0.9841273193073885,
  "threatened": 1.0,
  "overall": 0.6185779210247444,
  "has_target_accuracy": 0.0,
  "has_target_precision": 1.0,
  "has_target_recall": 0.0,
  "has_target_f1": 0.0,
  "is_alive_accuracy": 1.0,
  "is_alive_precision": 1.0,
  "is_alive_recall": 1.0,
  "is_alive_f1": 1.0,
  "threatened_accuracy": 1.0,
  "threatened_precision": 1.0,
  "threatened_recall": 1.0,
  "threatened_f1": 1.0,
  "role_accuracy": 0.6,
  "position_mae": 65.90294647216797,
  "position_rmse": 73.8019027709961,
  "position_mape": 1095141.30859375,
  "health_mae": 0.47662872076034546,
  "health_rmse": 0.49624279141426086,
  "health_mape": 47662881.25,
  "energy_mae": 6.552184104919434,
  "energy_rmse": 7.405080318450928,
  "energy_mape": 102.57017612457275,
  "iteration": 14,
  "compression_level": 0.5
}