{
  "position": 0.0,
  "health": 0.7965946905580822,
  "has_target": 1.9603871622786e-14,
  "energy": 3.729420630691498e-24,
  "is_alive": 1.0,
  "role": 0.9782402315235965,
  "threatened": 1.0,
  "overall": 0.6192888279815878,
  "has_target_accuracy": 0.0,
  "has_target_precision": 1.0,
  "has_target_recall": 0.0,
  "has_target_f1": 0.0,
  "is_alive_accuracy": 1.0,
  "is_alive_precision": 1.0,
  "is_alive_recall": 1.0,
  "is_alive_f1": 1.0,
  "threatened_accuracy": 1.0,
  "threatened_precision": 1.0,
  "threatened_recall": 1.0,
  "threatened_f1": 1.0,
  "role_accuracy": 0.45,
  "position_mae": 65.91179656982422,
  "position_rmse": 73.80687713623047,
  "position_mape": 1828278.90625,
  "health_mae": 0.45967087149620056,
  "health_rmse": 0.4768744707107544,
  "health_mape": 45967081.25,
  "energy_mae": 6.511533260345459,
  "energy_rmse": 7.344779014587402,
  "energy_mape": 102.50985622406006,
  "iteration": 7,
  "compression_level": 0.5
}