{
  "position": 0.0,
  "health": 7.594216566503364e-20,
  "has_target": 0.28238889426234487,
  "energy": 0.7492950789933331,
  "is_alive": 9.357622968840175e-14,
  "role": 0.8122070211234967,
  "threatened": 1.0,
  "overall": 0.38235229469895415,
  "has_target_accuracy": 0.3,
  "has_target_precision": 1.0,
  "has_target_recall": 0.0,
  "has_target_f1": 0.0,
  "is_alive_accuracy": 0.7,
  "is_alive_precision": 1.0,
  "is_alive_recall": 0.25,
  "is_alive_f1": 0.4,
  "threatened_accuracy": 1.0,
  "threatened_precision": 1.0,
  "threatened_recall": 1.0,
  "threatened_f1": 1.0,
  "role_accuracy": 0.6,
  "position_mae": 41.10844802856445,
  "position_rmse": 47.833003997802734,
  "position_mape": 92.96486973762512,
  "health_mae": 6.133064270019531,
  "health_rmse": 6.635082244873047,
  "health_mape": 99.90367889404297,
  "energy_mae": 0.45304813981056213,
  "energy_rmse": 0.5372359156608582,
  "energy_mape": 70.55574059486389,
  "iteration": 1,
  "compression_level": 2.0
}