{
  "position": 0.0,
  "health": 2.791465759194863e-20,
  "has_target": 0.3475680235814065,
  "energy": 0.7825835497575098,
  "is_alive": 4.248354255291589e-18,
  "role": 0.9380049966793473,
  "threatened": 1.0,
  "overall": 0.4161363609832867,
  "has_target_accuracy": 0.3,
  "has_target_precision": 1.0,
  "has_target_recall": 0.0,
  "has_target_f1": 0.0,
  "is_alive_accuracy": 0.6,
  "is_alive_precision": 1.0,
  "is_alive_recall": 0.0,
  "is_alive_f1": 0.0,
  "threatened_accuracy": 1.0,
  "threatened_precision": 1.0,
  "threatened_recall": 1.0,
  "threatened_f1": 1.0,
  "role_accuracy": 0.9,
  "position_mae": 38.4727668762207,
  "position_rmse": 44.45493698120117,
  "position_mape": 87.85754442214966,
  "health_mae": 6.210342884063721,
  "health_rmse": 6.710077285766602,
  "health_mape": 101.29034519195557,
  "energy_mae": 0.40238362550735474,
  "energy_rmse": 0.49513086676597595,
  "energy_mape": 57.213085889816284,
  "iteration": 2,
  "compression_level": 2.0
}