{
  "position": 0.0,
  "health": 0.9120760981718855,
  "has_target": 6.374545002521324e-40,
  "energy": 3.7128003121299573e-23,
  "is_alive": 1.0,
  "role": 0.9048374032045187,
  "threatened": 1.0,
  "overall": 0.6199214356445486,
  "has_target_accuracy": 0.0,
  "has_target_precision": 1.0,
  "has_target_recall": 0.0,
  "has_target_f1": 0.0,
  "is_alive_accuracy": 1.0,
  "is_alive_precision": 1.0,
  "is_alive_recall": 1.0,
  "is_alive_f1": 1.0,
  "threatened_accuracy": 1.0,
  "threatened_precision": 1.0,
  "threatened_recall": 1.0,
  "threatened_f1": 1.0,
  "role_accuracy": 0.0,
  "position_mae": 65.82566833496094,
  "position_rmse": 73.69527435302734,
  "position_mape": 3166291.015625,
  "health_mae": 0.29736703634262085,
  "health_rmse": 0.3033674955368042,
  "health_mape": 29736706.25,
  "energy_mae": 6.317429065704346,
  "energy_rmse": 7.186630725860596,
  "energy_mape": 97.85443544387817,
  "iteration": 11,
  "compression_level": 2.0
}