{
  "position": 0.0,
  "health": 0.9080790050791354,
  "has_target": 3.720075976020836e-44,
  "energy": 3.869075699048504e-23,
  "is_alive": 1.0,
  "role": 0.8780954089383638,
  "threatened": 1.0,
  "overall": 0.6147320139396095,
  "has_target_accuracy": 0.0,
  "has_target_precision": 1.0,
  "has_target_recall": 0.0,
  "has_target_f1": 0.0,
  "is_alive_accuracy": 1.0,
  "is_alive_precision": 1.0,
  "is_alive_recall": 1.0,
  "is_alive_f1": 1.0,
  "threatened_accuracy": 1.0,
  "threatened_precision": 1.0,
  "threatened_recall": 1.0,
  "threatened_f1": 1.0,
  "role_accuracy": 0.0,
  "position_mae": 65.83599853515625,
  "position_rmse": 73.71633911132812,
  "position_mape": 2847856.8359375,
  "health_mae": 0.3078635036945343,
  "health_rmse": 0.3105219602584839,
  "health_mape": 30786346.875,
  "energy_mae": 6.322866916656494,
  "energy_rmse": 7.183762073516846,
  "energy_mape": 98.11550974845886,
  "iteration": 4,
  "compression_level": 2.0
}