{
  "position": 0.0,
  "health": 0.9588254170535674,
  "has_target": 4.4748967039441134e-42,
  "energy": 2.4745605414277592e-23,
  "is_alive": 1.0,
  "role": 0.9493288622878446,
  "threatened": 1.0,
  "overall": 0.6332727894688628,
  "has_target_accuracy": 0.0,
  "has_target_precision": 1.0,
  "has_target_recall": 0.0,
  "has_target_f1": 0.0,
  "is_alive_accuracy": 1.0,
  "is_alive_precision": 1.0,
  "is_alive_recall": 1.0,
  "is_alive_f1": 1.0,
  "threatened_accuracy": 1.0,
  "threatened_precision": 1.0,
  "threatened_recall": 1.0,
  "threatened_f1": 1.0,
  "role_accuracy": 0.0,
  "position_mae": 65.85790252685547,
  "position_rmse": 73.73664093017578,
  "position_mape": 2733308.3984375,
  "health_mae": 0.1923964023590088,
  "health_rmse": 0.20505186915397644,
  "health_mape": 19239640.625,
  "energy_mae": 6.345663547515869,
  "energy_rmse": 7.214803695678711,
  "energy_mape": 98.41556549072266,
  "iteration": 3,
  "compression_level": 2.0
}