{
  "position": 0.0,
  "health": 0.9977646682797829,
  "has_target": 3.720075976020836e-44,
  "energy": 1.8191638440707117e-23,
  "is_alive": 1.0,
  "role": 0.9607894364321163,
  "threatened": 1.0,
  "overall": 0.6398763321091714,
  "has_target_accuracy": 0.0,
  "has_target_precision": 1.0,
  "has_target_recall": 0.0,
  "has_target_f1": 0.0,
  "is_alive_accuracy": 1.0,
  "is_alive_precision": 1.0,
  "is_alive_recall": 1.0,
  "is_alive_f1": 1.0,
  "threatened_accuracy": 1.0,
  "threatened_precision": 1.0,
  "threatened_recall": 1.0,
  "threatened_f1": 1.0,
  "role_accuracy": 0.0,
  "position_mae": 65.92803955078125,
  "position_rmse": 73.8216781616211,
  "position_mape": 1233472.36328125,
  "health_mae": 0.04490325599908829,
  "health_rmse": 0.047305744141340256,
  "health_mape": 4490325.390625,
  "energy_mae": 6.377668380737305,
  "energy_rmse": 7.236095428466797,
  "energy_mape": 99.14542436599731,
  "iteration": 1,
  "compression_level": 2.0
}