{
  "position": 0.0,
  "health": 0.9337303968377374,
  "has_target": 4.465790401180768e-42,
  "energy": 2.91316556067027e-23,
  "is_alive": 1.0,
  "role": 0.8940442477484355,
  "threatened": 1.0,
  "overall": 0.6205643257012224,
  "has_target_accuracy": 0.0,
  "has_target_precision": 1.0,
  "has_target_recall": 0.0,
  "has_target_f1": 0.0,
  "is_alive_accuracy": 1.0,
  "is_alive_precision": 1.0,
  "is_alive_recall": 1.0,
  "is_alive_f1": 1.0,
  "threatened_accuracy": 1.0,
  "threatened_precision": 1.0,
  "threatened_recall": 1.0,
  "threatened_f1": 1.0,
  "role_accuracy": 0.0,
  "position_mae": 65.81135559082031,
  "position_rmse": 73.68079376220703,
  "position_mape": 3674449.609375,
  "health_mae": 0.24170076847076416,
  "health_rmse": 0.26185402274131775,
  "health_mape": 24170078.125,
  "energy_mae": 6.344857215881348,
  "energy_rmse": 7.203486919403076,
  "energy_mape": 98.67364168167114,
  "iteration": 8,
  "compression_level": 2.0
}