{
  "position": 0.0,
  "health": 0.9080161605196353,
  "has_target": 8.132363842235732e-38,
  "energy": 3.507801070172592e-23,
  "is_alive": 1.0,
  "role": 0.8833798163462009,
  "threatened": 1.0,
  "overall": 0.6156571629457572,
  "has_target_accuracy": 0.0,
  "has_target_precision": 1.0,
  "has_target_recall": 0.0,
  "has_target_f1": 0.0,
  "is_alive_accuracy": 1.0,
  "is_alive_precision": 1.0,
  "is_alive_recall": 1.0,
  "is_alive_f1": 1.0,
  "threatened_accuracy": 1.0,
  "threatened_precision": 1.0,
  "threatened_recall": 1.0,
  "threatened_f1": 1.0,
  "role_accuracy": 0.0,
  "position_mae": 65.82841491699219,
  "position_rmse": 73.70342254638672,
  "position_mape": 2638819.7265625,
  "health_mae": 0.2996334731578827,
  "health_rmse": 0.3106333911418915,
  "health_mape": 29963343.75,
  "energy_mae": 6.3138933181762695,
  "energy_rmse": 7.190581798553467,
  "energy_mape": 97.7360725402832,
  "iteration": 14,
  "compression_level": 2.0
}