{
  "position": 0.0,
  "health": 0.9227283455256425,
  "has_target": 4.587311210725494e-42,
  "energy": 2.1575597987958973e-23,
  "is_alive": 1.0,
  "role": 0.9048374032045187,
  "threatened": 1.0,
  "overall": 0.621174641215579,
  "has_target_accuracy": 0.0,
  "has_target_precision": 1.0,
  "has_target_recall": 0.0,
  "has_target_f1": 0.0,
  "is_alive_accuracy": 1.0,
  "is_alive_precision": 1.0,
  "is_alive_recall": 1.0,
  "is_alive_f1": 1.0,
  "threatened_accuracy": 1.0,
  "threatened_precision": 1.0,
  "threatened_recall": 1.0,
  "threatened_f1": 1.0,
  "role_accuracy": 0.0,
  "position_mae": 65.827880859375,
  "position_rmse": 73.70990753173828,
  "position_mape": 3016554.296875,
  "health_mae": 0.2704921364784241,
  "health_rmse": 0.2835848927497864,
  "health_mape": 27049215.625,
  "energy_mae": 6.359717845916748,
  "energy_rmse": 7.224298000335693,
  "energy_mape": 98.49575161933899,
  "iteration": 7,
  "compression_level": 2.0
}