{
  "position": 0.0,
  "health": 0.9754222783281237,
  "has_target": 3.720075976020836e-44,
  "energy": 1.580643555675599e-23,
  "is_alive": 1.0,
  "role": 0.9493288622878446,
  "threatened": 1.0,
  "overall": 0.6352253613835165,
  "has_target_accuracy": 0.0,
  "has_target_precision": 1.0,
  "has_target_recall": 0.0,
  "has_target_f1": 0.0,
  "is_alive_accuracy": 1.0,
  "is_alive_precision": 1.0,
  "is_alive_recall": 1.0,
  "is_alive_f1": 1.0,
  "threatened_accuracy": 1.0,
  "threatened_precision": 1.0,
  "threatened_recall": 1.0,
  "threatened_f1": 1.0,
  "role_accuracy": 0.0,
  "position_mae": 65.86079406738281,
  "position_rmse": 73.7415542602539,
  "position_mape": 2588224.21875,
  "health_mae": 0.1497153341770172,
  "health_rmse": 0.15774916112422943,
  "health_mape": 14971534.375,
  "energy_mae": 6.386501789093018,
  "energy_rmse": 7.245800971984863,
  "energy_mape": 99.35342669487,
  "iteration": 2,
  "compression_level": 2.0
}