{
  "position": 0.0,
  "health": 0.9289199088722757,
  "has_target": 4.7247744123806476e-42,
  "energy": 5.530916823831985e-23,
  "is_alive": 1.0,
  "role": 0.8745900486516673,
  "threatened": 1.0,
  "overall": 0.6165652919823268,
  "has_target_accuracy": 0.0,
  "has_target_precision": 1.0,
  "has_target_recall": 0.0,
  "has_target_f1": 0.0,
  "is_alive_accuracy": 1.0,
  "is_alive_precision": 1.0,
  "is_alive_recall": 1.0,
  "is_alive_f1": 1.0,
  "threatened_accuracy": 1.0,
  "threatened_precision": 1.0,
  "threatened_recall": 1.0,
  "threatened_f1": 1.0,
  "role_accuracy": 0.0,
  "position_mae": 65.84199523925781,
  "position_rmse": 73.72613525390625,
  "position_mape": 2763377.1484375,
  "health_mae": 0.2668333947658539,
  "health_rmse": 0.27153775095939636,
  "health_mape": 26683343.75,
  "energy_mae": 6.3109517097473145,
  "energy_rmse": 7.158848285675049,
  "energy_mape": 98.13469052314758,
  "iteration": 6,
  "compression_level": 2.0
}