{
  "position": 0.0,
  "health": 0.9164984210689392,
  "has_target": 6.149546062395572e-40,
  "energy": 5.400258835690616e-23,
  "is_alive": 1.0,
  "role": 0.9268161950136892,
  "threatened": 1.0,
  "overall": 0.6243203192458203,
  "has_target_accuracy": 0.0,
  "has_target_precision": 1.0,
  "has_target_recall": 0.0,
  "has_target_f1": 0.0,
  "is_alive_accuracy": 1.0,
  "is_alive_precision": 1.0,
  "is_alive_recall": 1.0,
  "is_alive_f1": 1.0,
  "threatened_accuracy": 1.0,
  "threatened_precision": 1.0,
  "threatened_recall": 1.0,
  "threatened_f1": 1.0,
  "role_accuracy": 0.0,
  "position_mae": 65.84893798828125,
  "position_rmse": 73.73308563232422,
  "position_mape": 2507568.1640625,
  "health_mae": 0.2826564311981201,
  "health_rmse": 0.2952878773212433,
  "health_mape": 28265643.75,
  "energy_mae": 6.2774658203125,
  "energy_rmse": 7.160516738891602,
  "energy_mape": 96.82871103286743,
  "iteration": 10,
  "compression_level": 2.0
}