{
  "position": 0.0,
  "health": 0.9257299762890222,
  "has_target": 3.720075976020836e-44,
  "energy": 4.279442871890177e-23,
  "is_alive": 0.006737946999085467,
  "role": 0.8833798163462009,
  "threatened": 1.0,
  "overall": 0.3840324229184111,
  "has_target_accuracy": 0.0,
  "has_target_precision": 1.0,
  "has_target_recall": 0.0,
  "has_target_f1": 0.0,
  "is_alive_accuracy": 0.95,
  "is_alive_precision": 0.0,
  "is_alive_recall": 1.0,
  "is_alive_f1": 0.0,
  "threatened_accuracy": 1.0,
  "threatened_precision": 1.0,
  "threatened_recall": 1.0,
  "threatened_f1": 1.0,
  "role_accuracy": 0.0,
  "position_mae": 65.8147964477539,
  "position_rmse": 73.69329071044922,
  "position_mape": 2843675.9765625,
  "health_mae": 0.2576400637626648,
  "health_rmse": 0.27779972553253174,
  "health_mape": 25764004.6875,
  "energy_mae": 6.295621871948242,
  "energy_rmse": 7.1767425537109375,
  "energy_mape": 96.94057703018188,
  "iteration": 9,
  "compression_level": 2.0
}