{
  "position": 0.0,
  "health": 0.9136679716808191,
  "has_target": 6.174651012862761e-40,
  "energy": 2.5615695184351742e-23,
  "is_alive": 1.0,
  "role": 0.8994246290980243,
  "threatened": 1.0,
  "overall": 0.6191535194503359,
  "has_target_accuracy": 0.0,
  "has_target_precision": 1.0,
  "has_target_recall": 0.0,
  "has_target_f1": 0.0,
  "is_alive_accuracy": 1.0,
  "is_alive_precision": 1.0,
  "is_alive_recall": 1.0,
  "is_alive_f1": 1.0,
  "threatened_accuracy": 1.0,
  "threatened_precision": 1.0,
  "threatened_recall": 1.0,
  "threatened_f1": 1.0,
  "role_accuracy": 0.0,
  "position_mae": 65.80622863769531,
  "position_rmse": 73.68601989746094,
  "position_mape": 2958680.6640625,
  "health_mae": 0.2878226339817047,
  "health_rmse": 0.3004797101020813,
  "health_mape": 28782259.375,
  "energy_mae": 6.354260444641113,
  "energy_rmse": 7.212408542633057,
  "energy_mape": 98.77412915229797,
  "iteration": 15,
  "compression_level": 2.0
}