{
  "position": 0.0,
  "health": 0.9347647756932609,
  "has_target": 4.363172607729369e-42,
  "energy": 5.854684868920236e-23,
  "is_alive": 1.0,
  "role": 0.8904752063660822,
  "threatened": 1.0,
  "overall": 0.620056186499104,
  "has_target_accuracy": 0.0,
  "has_target_precision": 1.0,
  "has_target_recall": 0.0,
  "has_target_f1": 0.0,
  "is_alive_accuracy": 1.0,
  "is_alive_precision": 1.0,
  "is_alive_recall": 1.0,
  "is_alive_f1": 1.0,
  "threatened_accuracy": 1.0,
  "threatened_precision": 1.0,
  "threatened_recall": 1.0,
  "threatened_f1": 1.0,
  "role_accuracy": 0.0,
  "position_mae": 65.8427963256836,
  "position_rmse": 73.71417236328125,
  "position_mape": 3199184.375,
  "health_mae": 0.2402224987745285,
  "health_rmse": 0.25973132252693176,
  "health_mape": 24022250.0,
  "energy_mae": 6.308377265930176,
  "energy_rmse": 7.154873371124268,
  "energy_mape": 98.04220199584961,
  "iteration": 5,
  "compression_level": 2.0
}