{
  "position": 0.0,
  "health": 0.9319668651994618,
  "has_target": 4.8772845251377574e-42,
  "energy": 1.8756649036872532e-23,
  "is_alive": 1.0,
  "role": 0.9048374032045187,
  "threatened": 1.0,
  "overall": 0.622261525883087,
  "has_target_accuracy": 0.0,
  "has_target_precision": 1.0,
  "has_target_recall": 0.0,
  "has_target_f1": 0.0,
  "is_alive_accuracy": 1.0,
  "is_alive_precision": 1.0,
  "is_alive_recall": 1.0,
  "is_alive_f1": 1.0,
  "threatened_accuracy": 1.0,
  "threatened_precision": 1.0,
  "threatened_recall": 1.0,
  "threatened_f1": 1.0,
  "role_accuracy": 0.0,
  "position_mae": 65.8013687133789,
  "position_rmse": 73.68280792236328,
  "position_mape": 2907732.421875,
  "health_mae": 0.25816959142684937,
  "health_rmse": 0.26543930172920227,
  "health_mape": 25816959.375,
  "energy_mae": 6.366252899169922,
  "energy_rmse": 7.233981132507324,
  "energy_mape": 98.54811429977417,
  "iteration": 13,
  "compression_level": 2.0
}