{
  "position": 0.0,
  "health": 0.9274118457868652,
  "has_target": 5.549466941117696e-40,
  "energy": 3.428543426907121e-23,
  "is_alive": 1.0,
  "role": 0.8833798163462009,
  "threatened": 1.0,
  "overall": 0.6179390082713137,
  "has_target_accuracy": 0.0,
  "has_target_precision": 1.0,
  "has_target_recall": 0.0,
  "has_target_f1": 0.0,
  "is_alive_accuracy": 1.0,
  "is_alive_precision": 1.0,
  "is_alive_recall": 1.0,
  "is_alive_f1": 1.0,
  "threatened_accuracy": 1.0,
  "threatened_precision": 1.0,
  "threatened_recall": 1.0,
  "threatened_f1": 1.0,
  "role_accuracy": 0.0,
  "position_mae": 65.8495101928711,
  "position_rmse": 73.72036743164062,
  "position_mape": 3577438.28125,
  "health_mae": 0.2624554932117462,
  "health_rmse": 0.27451327443122864,
  "health_mape": 26245546.875,
  "energy_mae": 6.322362899780273,
  "energy_rmse": 7.1921706199646,
  "energy_mape": 97.76361584663391,
  "iteration": 12,
  "compression_level": 2.0
}