{
  "position": 0.0,
  "health": 0.8968318790383153,
  "has_target": 2.7805489184462124e-29,
  "energy": 2.503568790634302e-22,
  "is_alive": 1.0,
  "role": 0.9627129384811487,
  "threatened": 1.0,
  "overall": 0.6283413278541222,
  "has_target_accuracy": 0.0,
  "has_target_precision": 1.0,
  "has_target_recall": 0.0,
  "has_target_f1": 0.0,
  "is_alive_accuracy": 1.0,
  "is_alive_precision": 1.0,
  "is_alive_recall": 1.0,
  "is_alive_f1": 1.0,
  "threatened_accuracy": 1.0,
  "threatened_precision": 1.0,
  "threatened_recall": 1.0,
  "threatened_f1": 1.0,
  "role_accuracy": 0.05,
  "position_mae": 65.82591247558594,
  "position_rmse": 73.69304656982422,
  "position_mape": 3077020.703125,
  "health_mae": 0.3027244210243225,
  "health_rmse": 0.3299800753593445,
  "health_mape": 30272437.5,
  "energy_mae": 6.168339729309082,
  "energy_rmse": 7.05259895324707,
  "energy_mape": 94.58359479904175,
  "iteration": 15,
  "compression_level": 1.0
}