{
  "position": 0.0,
  "health": 0.8946943323285891,
  "has_target": 2.241620611716993e-27,
  "energy": 1.8854868081719054e-22,
  "is_alive": 1.0,
  "role": 0.9607894364321163,
  "threatened": 1.0,
  "overall": 0.6277504102325605,
  "has_target_accuracy": 0.0,
  "has_target_precision": 1.0,
  "has_target_recall": 0.0,
  "has_target_f1": 0.0,
  "is_alive_accuracy": 1.0,
  "is_alive_precision": 1.0,
  "is_alive_recall": 1.0,
  "is_alive_f1": 1.0,
  "threatened_accuracy": 1.0,
  "threatened_precision": 1.0,
  "threatened_recall": 1.0,
  "threatened_f1": 1.0,
  "role_accuracy": 0.0,
  "position_mae": 65.83401489257812,
  "position_rmse": 73.69668579101562,
  "position_mape": 3001834.375,
  "health_mae": 0.3102969527244568,
  "health_rmse": 0.3335762917995453,
  "health_mape": 31029693.75,
  "energy_mae": 6.19265079498291,
  "energy_rmse": 7.072671890258789,
  "energy_mape": 94.9365496635437,
  "iteration": 6,
  "compression_level": 1.0
}