{
  "position": 0.0,
  "health": 0.9043496207764742,
  "has_target": 7.71504798584796e-19,
  "energy": 2.1261214705949245e-22,
  "is_alive": 1.0,
  "role": 0.9607894364321163,
  "threatened": 1.0,
  "overall": 0.6288863265205469,
  "has_target_accuracy": 0.0,
  "has_target_precision": 1.0,
  "has_target_recall": 0.0,
  "has_target_f1": 0.0,
  "is_alive_accuracy": 1.0,
  "is_alive_precision": 1.0,
  "is_alive_recall": 1.0,
  "is_alive_f1": 1.0,
  "threatened_accuracy": 1.0,
  "threatened_precision": 1.0,
  "threatened_recall": 1.0,
  "threatened_f1": 1.0,
  "role_accuracy": 0.0,
  "position_mae": 65.83970642089844,
  "position_rmse": 73.72187805175781,
  "position_mape": 2695461.328125,
  "health_mae": 0.28820234537124634,
  "health_rmse": 0.31707921624183655,
  "health_mape": 28820237.5,
  "energy_mae": 6.186674118041992,
  "energy_rmse": 7.064175605773926,
  "energy_mape": 94.93502378463745,
  "iteration": 12,
  "compression_level": 1.0
}