{
  "position": 0.0,
  "health": 0.9018120851216365,
  "has_target": 3.302641962197519e-27,
  "energy": 3.4083977595664755e-22,
  "is_alive": 1.0,
  "role": 0.9607894364321163,
  "threatened": 1.0,
  "overall": 0.6285877929140954,
  "has_target_accuracy": 0.0,
  "has_target_precision": 1.0,
  "has_target_recall": 0.0,
  "has_target_f1": 0.0,
  "is_alive_accuracy": 1.0,
  "is_alive_precision": 1.0,
  "is_alive_recall": 1.0,
  "is_alive_f1": 1.0,
  "threatened_accuracy": 1.0,
  "threatened_precision": 1.0,
  "threatened_recall": 1.0,
  "threatened_f1": 1.0,
  "role_accuracy": 0.0,
  "position_mae": 65.80804443359375,
  "position_rmse": 73.68195343017578,
  "position_mape": 2596829.1015625,
  "health_mae": 0.30228346586227417,
  "health_rmse": 0.32147955894470215,
  "health_mape": 30228346.875,
  "energy_mae": 6.139612674713135,
  "energy_rmse": 7.030691623687744,
  "energy_mape": 93.95779371261597,
  "iteration": 13,
  "compression_level": 1.0
}