{
  "position": 0.0,
  "health": 0.8720381758870378,
  "has_target": 2.5178111631649988e-29,
  "energy": 3.315715702435387e-22,
  "is_alive": 1.0,
  "role": 0.9607894364321163,
  "threatened": 1.0,
  "overall": 0.6250849800629661,
  "has_target_accuracy": 0.0,
  "has_target_precision": 1.0,
  "has_target_recall": 0.0,
  "has_target_f1": 0.0,
  "is_alive_accuracy": 1.0,
  "is_alive_precision": 1.0,
  "is_alive_recall": 1.0,
  "is_alive_f1": 1.0,
  "threatened_accuracy": 1.0,
  "threatened_precision": 1.0,
  "threatened_recall": 1.0,
  "threatened_f1": 1.0,
  "role_accuracy": 0.0,
  "position_mae": 65.82901763916016,
  "position_rmse": 73.69898223876953,
  "position_mape": 2926760.546875,
  "health_mae": 0.3589836359024048,
  "health_rmse": 0.37002983689308167,
  "health_mape": 35898362.5,
  "energy_mae": 6.145280838012695,
  "energy_rmse": 7.032651901245117,
  "energy_mape": 94.21098828315735,
  "iteration": 14,
  "compression_level": 1.0
}