{
  "position": 0.0,
  "health": 0.8824159666392153,
  "has_target": 4.970872982293536e-23,
  "energy": 1.6036873124315945e-22,
  "is_alive": 1.0,
  "role": 0.9627129384811487,
  "threatened": 1.0,
  "overall": 0.6266453381601105,
  "has_target_accuracy": 0.0,
  "has_target_precision": 1.0,
  "has_target_recall": 0.0,
  "has_target_f1": 0.0,
  "is_alive_accuracy": 1.0,
  "is_alive_precision": 1.0,
  "is_alive_recall": 1.0,
  "is_alive_f1": 1.0,
  "threatened_accuracy": 1.0,
  "threatened_precision": 1.0,
  "threatened_recall": 1.0,
  "threatened_f1": 1.0,
  "role_accuracy": 0.05,
  "position_mae": 65.8251953125,
  "position_rmse": 73.69927215576172,
  "position_mape": 2928049.609375,
  "health_mae": 0.34600141644477844,
  "health_rmse": 0.3536830544471741,
  "health_mape": 34600143.75,
  "energy_mae": 6.191872596740723,
  "energy_rmse": 7.0841064453125,
  "energy_mape": 94.78508830070496,
  "iteration": 4,
  "compression_level": 1.0
}