{
  "position": 0.0,
  "health": 0.9001558902942747,
  "has_target": 5.323151292854041e-23,
  "energy": 4.959962644807629e-23,
  "is_alive": 1.0,
  "role": 0.9627129384811487,
  "threatened": 1.0,
  "overall": 0.628732388001882,
  "has_target_accuracy": 0.0,
  "has_target_precision": 1.0,
  "has_target_recall": 0.0,
  "has_target_f1": 0.0,
  "is_alive_accuracy": 1.0,
  "is_alive_precision": 1.0,
  "is_alive_recall": 1.0,
  "is_alive_f1": 1.0,
  "threatened_accuracy": 1.0,
  "threatened_precision": 1.0,
  "threatened_recall": 1.0,
  "threatened_f1": 1.0,
  "role_accuracy": 0.05,
  "position_mae": 65.84796905517578,
  "position_rmse": 73.71598815917969,
  "position_mape": 3628087.5,
  "health_mae": 0.31064844131469727,
  "health_rmse": 0.32432594895362854,
  "health_mape": 31064843.75,
  "energy_mae": 6.2721405029296875,
  "energy_rmse": 7.166453838348389,
  "energy_mape": 96.4774489402771,
  "iteration": 3,
  "compression_level": 1.0
}