{
  "position": 0.0,
  "health": 0.8817894804235983,
  "has_target": 4.2551392512332766e-23,
  "energy": 2.2006773598752384e-22,
  "is_alive": 1.0,
  "role": 0.9607894364321163,
  "threatened": 1.0,
  "overall": 0.6262321923613849,
  "has_target_accuracy": 0.0,
  "has_target_precision": 1.0,
  "has_target_recall": 0.0,
  "has_target_f1": 0.0,
  "is_alive_accuracy": 1.0,
  "is_alive_precision": 1.0,
  "is_alive_recall": 1.0,
  "is_alive_f1": 1.0,
  "threatened_accuracy": 1.0,
  "threatened_precision": 1.0,
  "threatened_recall": 1.0,
  "threatened_f1": 1.0,
  "role_accuracy": 0.0,
  "position_mae": 65.82373046875,
  "position_rmse": 73.70198059082031,
  "position_mape": 2386693.359375,
  "health_mae": 0.34405818581581116,
  "health_rmse": 0.3546856939792633,
  "health_mape": 34405818.75,
  "energy_mae": 6.181928634643555,
  "energy_rmse": 7.0617356300354,
  "energy_mape": 94.94127035140991,
  "iteration": 5,
  "compression_level": 1.0
}