{
  "position": 0.0,
  "health": 0.9206774643217946,
  "has_target": 5.974099443289527e-23,
  "energy": 2.4429163267257868e-22,
  "is_alive": 1.0,
  "role": 0.9627129384811487,
  "threatened": 1.0,
  "overall": 0.6311466908286492,
  "has_target_accuracy": 0.0,
  "has_target_precision": 1.0,
  "has_target_recall": 0.0,
  "has_target_f1": 0.0,
  "is_alive_accuracy": 1.0,
  "is_alive_precision": 1.0,
  "is_alive_recall": 1.0,
  "is_alive_f1": 1.0,
  "threatened_accuracy": 1.0,
  "threatened_precision": 1.0,
  "threatened_recall": 1.0,
  "threatened_f1": 1.0,
  "role_accuracy": 0.05,
  "position_mae": 65.82035064697266,
  "position_rmse": 73.69829559326172,
  "position_mape": 2560802.34375,
  "health_mae": 0.2694035768508911,
  "health_rmse": 0.28748127818107605,
  "health_mape": 26940356.25,
  "energy_mae": 6.1603593826293945,
  "energy_rmse": 7.054337501525879,
  "energy_mape": 94.22096014022827,
  "iteration": 11,
  "compression_level": 1.0
}