{
  "position": 0.0,
  "health": 0.8980630515774319,
  "has_target": 3.3166180783317904e-27,
  "energy": 2.001463021813167e-22,
  "is_alive": 1.0,
  "role": 0.9627129348947635,
  "threatened": 1.0,
  "overall": 0.628486171049362,
  "has_target_accuracy": 0.0,
  "has_target_precision": 1.0,
  "has_target_recall": 0.0,
  "has_target_f1": 0.0,
  "is_alive_accuracy": 1.0,
  "is_alive_precision": 1.0,
  "is_alive_recall": 1.0,
  "is_alive_f1": 1.0,
  "threatened_accuracy": 1.0,
  "threatened_precision": 1.0,
  "threatened_recall": 1.0,
  "threatened_f1": 1.0,
  "role_accuracy": 0.05,
  "position_mae": 65.82323455810547,
  "position_rmse": 73.68769836425781,
  "position_mape": 2850717.1875,
  "health_mae": 0.30761808156967163,
  "health_rmse": 0.32789480686187744,
  "health_mape": 30761806.25,
  "energy_mae": 6.180621147155762,
  "energy_rmse": 7.068450450897217,
  "energy_mape": 95.01983523368835,
  "iteration": 10,
  "compression_level": 1.0
}