{
  "position": 0.0,
  "health": 0.9589357416250734,
  "has_target": 3.4557370125624513e-23,
  "energy": 5.073441398713561e-23,
  "is_alive": 1.0,
  "role": 0.9607894364321163,
  "threatened": 1.0,
  "overall": 0.6353082230909703,
  "has_target_accuracy": 0.0,
  "has_target_precision": 1.0,
  "has_target_recall": 0.0,
  "has_target_f1": 0.0,
  "is_alive_accuracy": 1.0,
  "is_alive_precision": 1.0,
  "is_alive_recall": 1.0,
  "is_alive_f1": 1.0,
  "threatened_accuracy": 1.0,
  "threatened_precision": 1.0,
  "threatened_recall": 1.0,
  "threatened_f1": 1.0,
  "role_accuracy": 0.0,
  "position_mae": 65.8188247680664,
  "position_rmse": 73.6986083984375,
  "position_mape": 2070014.2578125,
  "health_mae": 0.19177773594856262,
  "health_rmse": 0.20477111637592316,
  "health_mape": 19177773.4375,
  "energy_mae": 6.293910503387451,
  "energy_rmse": 7.164875507354736,
  "energy_mape": 97.21075892448425,
  "iteration": 2,
  "compression_level": 1.0
}