{
  "position": 0.0,
  "health": 0.8797396446357868,
  "has_target": 2.4405696880754367e-29,
  "energy": 2.152045332242155e-22,
  "is_alive": 0.006737946999085467,
  "role": 0.9607894364321163,
  "threatened": 1.0,
  "overall": 0.3922823168567215,
  "has_target_accuracy": 0.0,
  "has_target_precision": 1.0,
  "has_target_recall": 0.0,
  "has_target_f1": 0.0,
  "is_alive_accuracy": 0.95,
  "is_alive_precision": 0.0,
  "is_alive_recall": 1.0,
  "is_alive_f1": 0.0,
  "threatened_accuracy": 1.0,
  "threatened_precision": 1.0,
  "threatened_recall": 1.0,
  "threatened_f1": 1.0,
  "role_accuracy": 0.0,
  "position_mae": 65.8189697265625,
  "position_rmse": 73.6943588256836,
  "position_mape": 2608644.3359375,
  "health_mae": 0.3441205322742462,
  "health_rmse": 0.35795149207115173,
  "health_mape": 34412053.125,
  "energy_mae": 6.173659324645996,
  "energy_rmse": 7.06331729888916,
  "energy_mape": 94.18110847473145,
  "iteration": 8,
  "compression_level": 1.0
}