{
  "position": 0.0,
  "health": 0.9043414477046351,
  "has_target": 3.9041653117900053e-25,
  "energy": 2.6794797598510137e-22,
  "is_alive": 1.0,
  "role": 0.9627129384811487,
  "threatened": 1.0,
  "overall": 0.6292248065207481,
  "has_target_accuracy": 0.0,
  "has_target_precision": 1.0,
  "has_target_recall": 0.0,
  "has_target_f1": 0.0,
  "is_alive_accuracy": 1.0,
  "is_alive_precision": 1.0,
  "is_alive_recall": 1.0,
  "is_alive_f1": 1.0,
  "threatened_accuracy": 1.0,
  "threatened_precision": 1.0,
  "threatened_recall": 1.0,
  "threatened_f1": 1.0,
  "role_accuracy": 0.05,
  "position_mae": 65.79959869384766,
  "position_rmse": 73.67284393310547,
  "position_mape": 2468549.4140625,
  "health_mae": 0.302216500043869,
  "health_rmse": 0.31709349155426025,
  "health_mape": 30221646.875,
  "energy_mae": 6.151755332946777,
  "energy_rmse": 7.047783374786377,
  "energy_mape": 93.89116168022156,
  "iteration": 7,
  "compression_level": 1.0
}