{
  "position": 0.0,
  "health": 0.9864465338568934,
  "has_target": 4.023359723335603e-21,
  "energy": 1.6093429736916013e-23,
  "is_alive": 1.0,
  "role": 0.9607894364321163,
  "threatened": 1.0,
  "overall": 0.6385447868829491,
  "has_target_accuracy": 0.0,
  "has_target_precision": 1.0,
  "has_target_recall": 0.0,
  "has_target_f1": 0.0,
  "is_alive_accuracy": 1.0,
  "is_alive_precision": 1.0,
  "is_alive_recall": 1.0,
  "is_alive_f1": 1.0,
  "threatened_accuracy": 1.0,
  "threatened_precision": 1.0,
  "threatened_recall": 1.0,
  "threatened_f1": 1.0,
  "role_accuracy": 0.0,
  "position_mae": 65.86021423339844,
  "position_rmse": 73.75426483154297,
  "position_mape": 869299.70703125,
  "health_mae": 0.11423458904027939,
  "health_rmse": 0.11681675165891647,
  "health_mape": 11423458.59375,
  "energy_mae": 6.385954856872559,
  "energy_rmse": 7.244558811187744,
  "energy_mape": 99.29032325744629,
  "iteration": 1,
  "compression_level": 1.0
}