{
  "position": 0.0,
  "health": 0.9194874655387161,
  "has_target": 3.177016441281565e-27,
  "energy": 1.936852820204467e-22,
  "is_alive": 1.0,
  "role": 0.9607894364321163,
  "threatened": 1.0,
  "overall": 0.6306672494337517,
  "has_target_accuracy": 0.0,
  "has_target_precision": 1.0,
  "has_target_recall": 0.0,
  "has_target_f1": 0.0,
  "is_alive_accuracy": 1.0,
  "is_alive_precision": 1.0,
  "is_alive_recall": 1.0,
  "is_alive_f1": 1.0,
  "threatened_accuracy": 1.0,
  "threatened_precision": 1.0,
  "threatened_recall": 1.0,
  "threatened_f1": 1.0,
  "role_accuracy": 0.0,
  "position_mae": 65.80814361572266,
  "position_rmse": 73.66849517822266,
  "position_mape": 3499819.921875,
  "health_mae": 0.27123087644577026,
  "health_rmse": 0.2897220253944397,
  "health_mape": 27123087.5,
  "energy_mae": 6.20578670501709,
  "energy_rmse": 7.070771217346191,
  "energy_mape": 95.77676057815552,
  "iteration": 9,
  "compression_level": 1.0
}