{
  "position": 0.0,
  "health": 4.243072163654446e-19,
  "has_target": 0.24443532221839054,
  "energy": 0.737054524659125,
  "is_alive": 1.1143859918668688e-29,
  "role": 0.6976763160906913,
  "threatened": 1.0,
  "overall": 0.3562358024721826,
  "has_target_accuracy": 0.8333333333333334,
  "has_target_precision": 1.0,
  "has_target_recall": 0.0,
  "has_target_f1": 0.0,
  "is_alive_accuracy": 0.3333333333333333,
  "is_alive_precision": 1.0,
  "is_alive_recall": 0.0,
  "is_alive_f1": 0.0,
  "threatened_accuracy": 1.0,
  "threatened_precision": 1.0,
  "threatened_recall": 1.0,
  "threatened_f1": 1.0,
  "role_accuracy": 0.0,
  "position_mae": 46.6680793762207,
  "position_rmse": 56.76594924926758,
  "position_mape": 100.09884834289551,
  "health_mae": 5.969074249267578,
  "health_rmse": 6.504139423370361,
  "health_mape": 100.5170464515686,
  "energy_mae": 0.49831172823905945,
  "energy_rmse": 0.5523526668548584,
  "energy_mape": 92.06435084342957,
  "iteration": 1,
  "compression_level": 1.0
}