{
  "position": 0.0,
  "health": 0.8842791355562256,
  "has_target": 5.10445776752634e-40,
  "energy": 2.966290884392603e-27,
  "is_alive": 5.5210822770285325e-42,
  "role": 0.9841273193073885,
  "threatened": 1.0,
  "overall": 0.3953494252373304,
  "has_target_accuracy": 0.0,
  "has_target_precision": 1.0,
  "has_target_recall": 0.0,
  "has_target_f1": 0.0,
  "is_alive_accuracy": 0.05,
  "is_alive_precision": 0.0,
  "is_alive_recall": 1.0,
  "is_alive_f1": 0.0,
  "threatened_accuracy": 1.0,
  "threatened_precision": 1.0,
  "threatened_recall": 1.0,
  "threatened_f1": 1.0,
  "role_accuracy": 0.6,
  "position_mae": 66.16758728027344,
  "position_rmse": 74.0543212890625,
  "position_mape": 2097857.8125,
  "health_mae": 0.33128371834754944,
  "health_rmse": 0.3506886065006256,
  "health_mape": 33128368.75,
  "energy_mae": 7.049746513366699,
  "energy_rmse": 7.815528392791748,
  "energy_mape": 114.70087766647339,
  "iteration": 7,
  "compression_level": 0.5
}