{
  "position": 0.0,
  "health": 0.9120943306711736,
  "has_target": 4.011520398981677e-40,
  "energy": 2.416127449907677e-26,
  "is_alive": 5.5210822770285325e-42,
  "role": 0.9782402315235965,
  "threatened": 1.0,
  "overall": 0.3975829032890081,
  "has_target_accuracy": 0.0,
  "has_target_precision": 1.0,
  "has_target_recall": 0.0,
  "has_target_f1": 0.0,
  "is_alive_accuracy": 0.05,
  "is_alive_precision": 0.0,
  "is_alive_recall": 1.0,
  "is_alive_f1": 0.0,
  "threatened_accuracy": 1.0,
  "threatened_precision": 1.0,
  "threatened_recall": 1.0,
  "threatened_f1": 1.0,
  "role_accuracy": 0.45,
  "position_mae": 66.10972595214844,
  "position_rmse": 74.00323486328125,
  "position_mape": 1730583.203125,
  "health_mae": 0.29474005103111267,
  "health_rmse": 0.3033345639705658,
  "health_mape": 29474006.25,
  "energy_mae": 6.879317283630371,
  "energy_rmse": 7.680172443389893,
  "energy_mape": 110.01664400100708,
  "iteration": 2,
  "compression_level": 0.5
}