{
  "position": 0.0,
  "health": 0.8810455362623066,
  "has_target": 4.9056093990230074e-42,
  "energy": 1.7960126175445905e-27,
  "is_alive": 3.720075976020836e-44,
  "role": 0.9880717118386532,
  "threatened": 1.0,
  "overall": 0.3956650710612101,
  "has_target_accuracy": 0.0,
  "has_target_precision": 1.0,
  "has_target_recall": 0.0,
  "has_target_f1": 0.0,
  "is_alive_accuracy": 0.0,
  "is_alive_precision": 0.0,
  "is_alive_recall": 1.0,
  "is_alive_f1": 0.0,
  "threatened_accuracy": 1.0,
  "threatened_precision": 1.0,
  "threatened_recall": 1.0,
  "threatened_f1": 1.0,
  "role_accuracy": 0.7,
  "position_mae": 66.18863677978516,
  "position_rmse": 74.07036590576172,
  "position_mape": 2600038.671875,
  "health_mae": 0.34720805287361145,
  "health_rmse": 0.3558735251426697,
  "health_mape": 34720806.25,
  "energy_mae": 7.05173397064209,
  "energy_rmse": 7.847561836242676,
  "energy_mape": 113.47129344940186,
  "iteration": 6,
  "compression_level": 0.5
}