{
  "position": 0.0,
  "health": 0.877587623128419,
  "has_target": 3.720075976020836e-44,
  "energy": 2.01740950470195e-27,
  "is_alive": 3.720075976020836e-44,
  "role": 0.9841273193073885,
  "threatened": 1.0,
  "overall": 0.3945621884811179,
  "has_target_accuracy": 0.0,
  "has_target_precision": 1.0,
  "has_target_recall": 0.0,
  "has_target_f1": 0.0,
  "is_alive_accuracy": 0.0,
  "is_alive_precision": 0.0,
  "is_alive_recall": 1.0,
  "is_alive_f1": 0.0,
  "threatened_accuracy": 1.0,
  "threatened_precision": 1.0,
  "threatened_recall": 1.0,
  "threatened_f1": 1.0,
  "role_accuracy": 0.6,
  "position_mae": 66.21418762207031,
  "position_rmse": 74.09507751464844,
  "position_mape": 2965747.265625,
  "health_mae": 0.34804531931877136,
  "health_rmse": 0.3613564074039459,
  "health_mape": 34804531.25,
  "energy_mae": 7.071216583251953,
  "energy_rmse": 7.840152263641357,
  "energy_mape": 115.08209705352783,
  "iteration": 10,
  "compression_level": 0.5
}