{
  "position": 0.0,
  "health": 0.855552010058699,
  "has_target": 3.720075976020836e-44,
  "energy": 2.207726362639439e-27,
  "is_alive": 3.720075976020836e-44,
  "role": 0.9900498330484057,
  "threatened": 1.0,
  "overall": 0.3930149128978009,
  "has_target_accuracy": 0.0,
  "has_target_precision": 1.0,
  "has_target_recall": 0.0,
  "has_target_f1": 0.0,
  "is_alive_accuracy": 0.0,
  "is_alive_precision": 0.0,
  "is_alive_recall": 1.0,
  "is_alive_f1": 0.0,
  "threatened_accuracy": 1.0,
  "threatened_precision": 1.0,
  "threatened_recall": 1.0,
  "threatened_f1": 1.0,
  "role_accuracy": 0.75,
  "position_mae": 66.182861328125,
  "position_rmse": 74.06239318847656,
  "position_mape": 2856619.921875,
  "health_mae": 0.3859163522720337,
  "health_rmse": 0.39497897028923035,
  "health_mape": 38591637.5,
  "energy_mae": 7.041145324707031,
  "energy_rmse": 7.834400177001953,
  "energy_mape": 113.89801502227783,
  "iteration": 5,
  "compression_level": 0.5
}