{
  "position": 0.0,
  "health": 0.8679705361859426,
  "has_target": 4.935567111568647e-42,
  "energy": 2.5183804662602246e-27,
  "is_alive": 3.720075976020836e-44,
  "role": 0.986097542918361,
  "threatened": 1.0,
  "overall": 0.3937784530074687,
  "has_target_accuracy": 0.0,
  "has_target_precision": 1.0,
  "has_target_recall": 0.0,
  "has_target_f1": 0.0,
  "is_alive_accuracy": 0.0,
  "is_alive_precision": 0.0,
  "is_alive_recall": 1.0,
  "is_alive_f1": 0.0,
  "threatened_accuracy": 1.0,
  "threatened_precision": 1.0,
  "threatened_recall": 1.0,
  "threatened_f1": 1.0,
  "role_accuracy": 0.65,
  "position_mae": 66.19306945800781,
  "position_rmse": 74.07623291015625,
  "position_mape": 2039593.75,
  "health_mae": 0.37032410502433777,
  "health_rmse": 0.37629449367523193,
  "health_mape": 37032412.5,
  "energy_mae": 7.058917045593262,
  "energy_rmse": 7.825993537902832,
  "energy_mape": 114.73221778869629,
  "iteration": 9,
  "compression_level": 0.5
}