{
  "position": 0.0,
  "health": 0.8650303271254217,
  "has_target": 4.526229320830326e-42,
  "energy": 1.1514118869188311e-27,
  "is_alive": 3.720075976020836e-44,
  "role": 0.9880717118386532,
  "threatened": 1.0,
  "overall": 0.39378092880981197,
  "has_target_accuracy": 0.0,
  "has_target_precision": 1.0,
  "has_target_recall": 0.0,
  "has_target_f1": 0.0,
  "is_alive_accuracy": 0.0,
  "is_alive_precision": 0.0,
  "is_alive_recall": 1.0,
  "is_alive_f1": 0.0,
  "threatened_accuracy": 1.0,
  "threatened_precision": 1.0,
  "threatened_recall": 1.0,
  "threatened_f1": 1.0,
  "role_accuracy": 0.7,
  "position_mae": 66.1760482788086,
  "position_rmse": 74.06046295166016,
  "position_mape": 3131713.0859375,
  "health_mae": 0.3772333562374115,
  "health_rmse": 0.38077646493911743,
  "health_mape": 37723331.25,
  "energy_mae": 7.09287166595459,
  "energy_rmse": 7.875837326049805,
  "energy_mape": 114.82188701629639,
  "iteration": 4,
  "compression_level": 0.5
}