{
  "position": 0.0,
  "health": 0.8815343183441103,
  "has_target": 3.720075976020836e-44,
  "energy": 8.359697449420577e-27,
  "is_alive": 3.720075976020836e-44,
  "role": 0.9841273193073885,
  "threatened": 1.0,
  "overall": 0.3950265055653168,
  "has_target_accuracy": 0.0,
  "has_target_precision": 1.0,
  "has_target_recall": 0.0,
  "has_target_f1": 0.0,
  "is_alive_accuracy": 0.0,
  "is_alive_precision": 0.0,
  "is_alive_recall": 1.0,
  "is_alive_f1": 0.0,
  "threatened_accuracy": 1.0,
  "threatened_precision": 1.0,
  "threatened_recall": 1.0,
  "threatened_f1": 1.0,
  "role_accuracy": 0.6,
  "position_mae": 66.16100311279297,
  "position_rmse": 74.05870819091797,
  "position_mape": 2119450.0,
  "health_mae": 0.3454224467277527,
  "health_rmse": 0.35509341955184937,
  "health_mape": 34542243.75,
  "energy_mae": 6.954817295074463,
  "energy_rmse": 7.748959541320801,
  "energy_mape": 111.68107986450195,
  "iteration": 3,
  "compression_level": 0.5
}