{
  "position": 0.0,
  "health": 0.8817908600918322,
  "has_target": 4.834052350199168e-42,
  "energy": 1.8331132896836864e-27,
  "is_alive": 3.720075976020836e-44,
  "role": 0.986097542918361,
  "threatened": 1.0,
  "overall": 0.39540437346698515,
  "has_target_accuracy": 0.0,
  "has_target_precision": 1.0,
  "has_target_recall": 0.0,
  "has_target_f1": 0.0,
  "is_alive_accuracy": 0.0,
  "is_alive_precision": 0.0,
  "is_alive_recall": 1.0,
  "is_alive_f1": 0.0,
  "threatened_accuracy": 1.0,
  "threatened_precision": 1.0,
  "threatened_recall": 1.0,
  "threatened_f1": 1.0,
  "role_accuracy": 0.65,
  "position_mae": 66.2233657836914,
  "position_rmse": 74.10098266601562,
  "position_mape": 3371394.53125,
  "health_mae": 0.3428077697753906,
  "health_rmse": 0.3546834886074066,
  "health_mape": 34280778.125,
  "energy_mae": 7.074889183044434,
  "energy_rmse": 7.846258640289307,
  "energy_mape": 114.68390226364136,
  "iteration": 8,
  "compression_level": 0.5
}