{
  "position": 0.0,
  "health": 0.9634490455760211,
  "has_target": 3.421556856512536e-21,
  "energy": 4.712431206087302e-25,
  "is_alive": 3.720075976020836e-44,
  "role": 0.9665714992507706,
  "threatened": 1.0,
  "overall": 0.40156544640613845,
  "has_target_accuracy": 0.0,
  "has_target_precision": 1.0,
  "has_target_recall": 0.0,
  "has_target_f1": 0.0,
  "is_alive_accuracy": 0.0,
  "is_alive_precision": 0.0,
  "is_alive_recall": 1.0,
  "is_alive_f1": 0.0,
  "threatened_accuracy": 1.0,
  "threatened_precision": 1.0,
  "threatened_recall": 1.0,
  "threatened_f1": 1.0,
  "role_accuracy": 0.15,
  "position_mae": 66.01170349121094,
  "position_rmse": 73.90469360351562,
  "position_mape": 1476848.14453125,
  "health_mae": 0.18994562327861786,
  "health_rmse": 0.19296549260616302,
  "health_mape": 18994560.9375,
  "energy_mae": 6.652917385101318,
  "energy_rmse": 7.484278202056885,
  "energy_mape": 105.11635541915894,
  "iteration": 1,
  "compression_level": 0.5
}