{
  "position": 0.0,
  "health": 0.8785745290649235,
  "has_target": 3.720075976020836e-44,
  "energy": 2.3652580805682102e-27,
  "is_alive": 5.5210822770285325e-42,
  "role": 0.9841273193073885,
  "threatened": 1.0,
  "overall": 0.39467829506188307,
  "has_target_accuracy": 0.0,
  "has_target_precision": 1.0,
  "has_target_recall": 0.0,
  "has_target_f1": 0.0,
  "is_alive_accuracy": 0.05,
  "is_alive_precision": 0.0,
  "is_alive_recall": 1.0,
  "is_alive_f1": 0.0,
  "threatened_accuracy": 1.0,
  "threatened_precision": 1.0,
  "threatened_recall": 1.0,
  "threatened_f1": 1.0,
  "role_accuracy": 0.6,
  "position_mae": 66.197265625,
  "position_rmse": 74.09625244140625,
  "position_mape": 1858815.625,
  "health_mae": 0.3428933620452881,
  "health_rmse": 0.3597978949546814,
  "health_mape": 34289331.25,
  "energy_mae": 7.03845739364624,
  "energy_rmse": 7.830001354217529,
  "energy_mape": 113.78152370452881,
  "iteration": 11,
  "compression_level": 0.5
}