{
  "position": 0.0,
  "health": 0.9612042501238729,
  "has_target": 1.1341444601039053e-07,
  "energy": 8.110085117504614e-24,
  "is_alive": 0.006737946999085467,
  "role": 0.9268161950136892,
  "threatened": 1.0,
  "overall": 0.3958711235361204,
  "has_target_accuracy": 0.05,
  "has_target_precision": 1.0,
  "has_target_recall": 0.05,
  "has_target_f1": 0.09523809523809523,
  "is_alive_accuracy": 0.95,
  "is_alive_precision": 0.0,
  "is_alive_recall": 1.0,
  "is_alive_f1": 0.0,
  "threatened_accuracy": 1.0,
  "threatened_precision": 1.0,
  "threatened_recall": 1.0,
  "threatened_f1": 1.0,
  "role_accuracy": 0.05,
  "position_mae": 66.02091979980469,
  "position_rmse": 73.88225555419922,
  "position_mape": 5722598.828125,
  "health_mae": 0.1847606599330902,
  "health_rmse": 0.1989179402589798,
  "health_mape": 18476068.75,
  "energy_mae": 6.422890663146973,
  "energy_rmse": 7.291703224182129,
  "energy_mape": 99.72817301750183,
  "iteration": 12,
  "compression_level": 2.0
}