{
  "position": 0.0,
  "health": 0.9668392888107326,
  "has_target": 0.10861361144167277,
  "energy": 1.3126559222003816e-23,
  "is_alive": 1.0,
  "role": 0.9607894364321163,
  "threatened": 1.0,
  "overall": 0.6490161241059506,
  "has_target_accuracy": 0.0,
  "has_target_precision": 1.0,
  "has_target_recall": 0.0,
  "has_target_f1": 0.0,
  "is_alive_accuracy": 1.0,
  "is_alive_precision": 1.0,
  "is_alive_recall": 1.0,
  "is_alive_f1": 1.0,
  "threatened_accuracy": 1.0,
  "threatened_precision": 1.0,
  "threatened_recall": 1.0,
  "threatened_f1": 1.0,
  "role_accuracy": 0.0,
  "position_mae": 66.0292739868164,
  "position_rmse": 73.89468383789062,
  "position_mape": 4735961.71875,
  "health_mae": 0.17212438583374023,
  "health_rmse": 0.18363821506500244,
  "health_mape": 17212437.5,
  "energy_mae": 6.414772987365723,
  "energy_rmse": 7.258608818054199,
  "energy_mape": 100.10812282562256,
  "iteration": 2,
  "compression_level": 2.0
}