{
  "position": 0.0,
  "health": 0.9511357638162439,
  "has_target": 0.22683885991030145,
  "energy": 1.3609376009871588e-23,
  "is_alive": 1.0,
  "role": 0.9249644250549706,
  "threatened": 1.0,
  "overall": 0.6547554425069414,
  "has_target_accuracy": 0.0,
  "has_target_precision": 1.0,
  "has_target_recall": 0.0,
  "has_target_f1": 0.0,
  "is_alive_accuracy": 1.0,
  "is_alive_precision": 1.0,
  "is_alive_recall": 1.0,
  "is_alive_f1": 1.0,
  "threatened_accuracy": 1.0,
  "threatened_precision": 1.0,
  "threatened_recall": 1.0,
  "threatened_f1": 1.0,
  "role_accuracy": 0.0,
  "position_mae": 66.03215026855469,
  "position_rmse": 73.87388610839844,
  "position_mape": 7310192.1875,
  "health_mae": 0.20187921822071075,
  "health_rmse": 0.22382687032222748,
  "health_mape": 20187921.875,
  "energy_mae": 6.392950534820557,
  "energy_rmse": 7.256120204925537,
  "energy_mape": 99.35379028320312,
  "iteration": 5,
  "compression_level": 2.0
}