{
  "position": 0.0,
  "health": 0.9510472715504215,
  "has_target": 0.001855176625501867,
  "energy": 1.8127837242327066e-23,
  "is_alive": 1.0,
  "role": 0.8816148449967725,
  "threatened": 1.0,
  "overall": 0.6206264371377743,
  "has_target_accuracy": 0.0,
  "has_target_precision": 1.0,
  "has_target_recall": 0.0,
  "has_target_f1": 0.0,
  "is_alive_accuracy": 1.0,
  "is_alive_precision": 1.0,
  "is_alive_recall": 1.0,
  "is_alive_f1": 1.0,
  "threatened_accuracy": 1.0,
  "threatened_precision": 1.0,
  "threatened_recall": 1.0,
  "threatened_f1": 1.0,
  "role_accuracy": 0.0,
  "position_mae": 66.01588439941406,
  "position_rmse": 73.8855972290039,
  "position_mape": 4687628.125,
  "health_mae": 0.2105465680360794,
  "health_rmse": 0.2240346223115921,
  "health_mape": 21054657.8125,
  "energy_mae": 6.368769645690918,
  "energy_rmse": 7.2363386154174805,
  "energy_mape": 98.72628450393677,
  "iteration": 11,
  "compression_level": 2.0
}