{
  "position": 0.0,
  "health": 0.957723504265534,
  "has_target": 1.3690587646829234e-05,
  "energy": 1.3296498880003517e-23,
  "is_alive": 1.0,
  "role": 0.9342604631638823,
  "threatened": 1.0,
  "overall": 0.6304856340704711,
  "has_target_accuracy": 0.0,
  "has_target_precision": 1.0,
  "has_target_recall": 0.0,
  "has_target_f1": 0.0,
  "is_alive_accuracy": 1.0,
  "is_alive_precision": 1.0,
  "is_alive_recall": 1.0,
  "is_alive_f1": 1.0,
  "threatened_accuracy": 1.0,
  "threatened_precision": 1.0,
  "threatened_recall": 1.0,
  "threatened_f1": 1.0,
  "role_accuracy": 0.0,
  "position_mae": 66.02275085449219,
  "position_rmse": 73.88347625732422,
  "position_mape": 5617542.578125,
  "health_mae": 0.19500508904457092,
  "health_rmse": 0.20783686637878418,
  "health_mape": 19500512.5,
  "energy_mae": 6.4014692306518555,
  "energy_rmse": 7.257723331451416,
  "energy_mape": 99.69428777694702,
  "iteration": 3,
  "compression_level": 2.0
}