{
  "position": 0.0,
  "health": 0.9633090259468181,
  "has_target": 0.26735115690116007,
  "energy": 6.520664868304432e-24,
  "is_alive": 1.0,
  "role": 0.9398828807407793,
  "threatened": 1.0,
  "overall": 0.6635864122304879,
  "has_target_accuracy": 0.05,
  "has_target_precision": 1.0,
  "has_target_recall": 0.05,
  "has_target_f1": 0.09523809523809523,
  "is_alive_accuracy": 1.0,
  "is_alive_precision": 1.0,
  "is_alive_recall": 1.0,
  "is_alive_f1": 1.0,
  "threatened_accuracy": 1.0,
  "threatened_precision": 1.0,
  "threatened_recall": 1.0,
  "threatened_f1": 1.0,
  "role_accuracy": 0.0,
  "position_mae": 65.98664855957031,
  "position_rmse": 73.85008239746094,
  "position_mape": 5651813.28125,
  "health_mae": 0.18079698085784912,
  "health_rmse": 0.1933417022228241,
  "health_mape": 18079696.875,
  "energy_mae": 6.447223663330078,
  "energy_rmse": 7.306645393371582,
  "energy_mape": 100.43983459472656,
  "iteration": 13,
  "compression_level": 2.0
}