{
  "position": 0.0,
  "health": 0.9522850503814463,
  "has_target": 0.0020985699595157986,
  "energy": 7.980208704938361e-24,
  "is_alive": 1.0,
  "role": 0.9249644181634485,
  "threatened": 1.0,
  "overall": 0.6284506173630746,
  "has_target_accuracy": 0.15,
  "has_target_precision": 1.0,
  "has_target_recall": 0.15,
  "has_target_f1": 0.2608695652173913,
  "is_alive_accuracy": 1.0,
  "is_alive_precision": 1.0,
  "is_alive_recall": 1.0,
  "is_alive_f1": 1.0,
  "threatened_accuracy": 1.0,
  "threatened_precision": 1.0,
  "threatened_recall": 1.0,
  "threatened_f1": 1.0,
  "role_accuracy": 0.0,
  "position_mae": 66.04496002197266,
  "position_rmse": 73.91242218017578,
  "position_mape": 5632716.40625,
  "health_mae": 0.2055613249540329,
  "health_rmse": 0.22111278772354126,
  "health_mape": 20556134.375,
  "energy_mae": 6.415162086486816,
  "energy_rmse": 7.29280948638916,
  "energy_mape": 99.4515061378479,
  "iteration": 10,
  "compression_level": 2.0
}