{
  "position": 0.0,
  "health": 0.9608502564559261,
  "has_target": 9.459156445130666e-10,
  "energy": 9.409227172889064e-24,
  "is_alive": 1.0,
  "role": 0.9398828807407793,
  "threatened": 1.0,
  "overall": 0.6318440680603542,
  "has_target_accuracy": 0.05,
  "has_target_precision": 1.0,
  "has_target_recall": 0.05,
  "has_target_f1": 0.09523809523809523,
  "is_alive_accuracy": 1.0,
  "is_alive_precision": 1.0,
  "is_alive_recall": 1.0,
  "is_alive_f1": 1.0,
  "threatened_accuracy": 1.0,
  "threatened_precision": 1.0,
  "threatened_recall": 1.0,
  "threatened_f1": 1.0,
  "role_accuracy": 0.0,
  "position_mae": 66.05027770996094,
  "position_rmse": 73.90955352783203,
  "position_mape": 6877228.90625,
  "health_mae": 0.18751958012580872,
  "health_rmse": 0.1998416930437088,
  "health_mape": 18751959.375,
  "energy_mae": 6.411879539489746,
  "energy_rmse": 7.2815070152282715,
  "energy_mape": 99.66495633125305,
  "iteration": 9,
  "compression_level": 2.0
}