{
  "position": 0.0,
  "health": 0.9649371439683628,
  "has_target": 0.0025131293266686667,
  "energy": 1.356826910652401e-23,
  "is_alive": 1.0,
  "role": 0.9157608703370442,
  "threatened": 1.0,
  "overall": 0.6283637151530115,
  "has_target_accuracy": 0.15,
  "has_target_precision": 1.0,
  "has_target_recall": 0.15,
  "has_target_f1": 0.2608695652173913,
  "is_alive_accuracy": 1.0,
  "is_alive_precision": 1.0,
  "is_alive_recall": 1.0,
  "is_alive_f1": 1.0,
  "threatened_accuracy": 1.0,
  "threatened_precision": 1.0,
  "threatened_recall": 1.0,
  "threatened_f1": 1.0,
  "role_accuracy": 0.0,
  "position_mae": 66.03015899658203,
  "position_rmse": 73.88960266113281,
  "position_mape": 6453362.5,
  "health_mae": 0.17188109457492828,
  "health_rmse": 0.18892410397529602,
  "health_mape": 17188110.9375,
  "energy_mae": 6.391905784606934,
  "energy_rmse": 7.25632905960083,
  "energy_mape": 99.3332028388977,
  "iteration": 8,
  "compression_level": 2.0
}