{
  "position": 0.0,
  "health": 0.9544648038619487,
  "has_target": 0.2865460237442736,
  "energy": 1.7632949502908378e-23,
  "is_alive": 1.0,
  "role": 0.8958341291560026,
  "threatened": 1.0,
  "overall": 0.6570308260400266,
  "has_target_accuracy": 0.1,
  "has_target_precision": 1.0,
  "has_target_recall": 0.1,
  "has_target_f1": 0.18181818181818182,
  "is_alive_accuracy": 1.0,
  "is_alive_precision": 1.0,
  "is_alive_recall": 1.0,
  "is_alive_f1": 1.0,
  "threatened_accuracy": 1.0,
  "threatened_precision": 1.0,
  "threatened_recall": 1.0,
  "threatened_f1": 1.0,
  "role_accuracy": 0.0,
  "position_mae": 66.01092529296875,
  "position_rmse": 73.86869049072266,
  "position_mape": 6823525.0,
  "health_mae": 0.1984047144651413,
  "health_rmse": 0.21588078141212463,
  "health_mape": 19840471.875,
  "energy_mae": 6.389828681945801,
  "energy_rmse": 7.238250255584717,
  "energy_mape": 99.72401857376099,
  "iteration": 15,
  "compression_level": 2.0
}