{
  "position": 0.0,
  "health": 0.9884312715278248,
  "has_target": 1.0310938110513438e-12,
  "energy": 9.254873656931192e-24,
  "is_alive": 1.0,
  "role": 0.9455391307335913,
  "threatened": 1.0,
  "overall": 0.636087055015205,
  "has_target_accuracy": 0.0,
  "has_target_precision": 1.0,
  "has_target_recall": 0.0,
  "has_target_f1": 0.0,
  "is_alive_accuracy": 1.0,
  "is_alive_precision": 1.0,
  "is_alive_recall": 1.0,
  "is_alive_f1": 1.0,
  "threatened_accuracy": 1.0,
  "threatened_precision": 1.0,
  "threatened_recall": 1.0,
  "threatened_f1": 1.0,
  "role_accuracy": 0.0,
  "position_mae": 65.98666381835938,
  "position_rmse": 73.87410736083984,
  "position_mape": 2248900.78125,
  "health_mae": 0.10269516706466675,
  "health_rmse": 0.10787106305360794,
  "health_mape": 10269517.1875,
  "energy_mae": 6.427403926849365,
  "energy_rmse": 7.282642841339111,
  "energy_mape": 100.20146369934082,
  "iteration": 1,
  "compression_level": 2.0
}