{
  "position": 0.0,
  "health": 0.9637995732584738,
  "has_target": 0.26329843069907544,
  "energy": 1.4794493658589246e-23,
  "is_alive": 1.0,
  "role": 0.8728426130311918,
  "threatened": 1.0,
  "overall": 0.6513366968828632,
  "has_target_accuracy": 0.05,
  "has_target_precision": 1.0,
  "has_target_recall": 0.05,
  "has_target_f1": 0.09523809523809523,
  "is_alive_accuracy": 1.0,
  "is_alive_precision": 1.0,
  "is_alive_recall": 1.0,
  "is_alive_f1": 1.0,
  "threatened_accuracy": 1.0,
  "threatened_precision": 1.0,
  "threatened_recall": 1.0,
  "threatened_f1": 1.0,
  "role_accuracy": 0.0,
  "position_mae": 65.99874114990234,
  "position_rmse": 73.8533935546875,
  "position_mape": 6819799.21875,
  "health_mae": 0.17720694839954376,
  "health_rmse": 0.19202062487602234,
  "health_mape": 17720693.75,
  "energy_mae": 6.381895542144775,
  "energy_rmse": 7.250364780426025,
  "energy_mape": 98.82254600524902,
  "iteration": 14,
  "compression_level": 2.0
}