{
  "position": 0.0,
  "health": 0.9560679835669403,
  "has_target": 0.0016977315275018487,
  "energy": 1.0717918394811651e-23,
  "is_alive": 1.0,
  "role": 0.9455391307335913,
  "threatened": 1.0,
  "overall": 0.6324793424935093,
  "has_target_accuracy": 0.05,
  "has_target_precision": 1.0,
  "has_target_recall": 0.05,
  "has_target_f1": 0.09523809523809523,
  "is_alive_accuracy": 1.0,
  "is_alive_precision": 1.0,
  "is_alive_recall": 1.0,
  "is_alive_f1": 1.0,
  "threatened_accuracy": 1.0,
  "threatened_precision": 1.0,
  "threatened_recall": 1.0,
  "threatened_f1": 1.0,
  "role_accuracy": 0.0,
  "position_mae": 66.00870513916016,
  "position_rmse": 73.89726257324219,
  "position_mape": 3222688.0859375,
  "health_mae": 0.189640611410141,
  "health_rmse": 0.2119581401348114,
  "health_mape": 18964060.9375,
  "energy_mae": 6.422005653381348,
  "energy_rmse": 7.27255916595459,
  "energy_mape": 100.10913610458374,
  "iteration": 4,
  "compression_level": 2.0
}