{
  "position": 0.0,
  "health": 0.9537018690740925,
  "has_target": 0.0022444770123878684,
  "energy": 1.0571494269997618e-23,
  "is_alive": 0.006737946999085467,
  "role": 0.9102827583885142,
  "threatened": 1.0,
  "overall": 0.39233486796087325,
  "has_target_accuracy": 0.2,
  "has_target_precision": 1.0,
  "has_target_recall": 0.2,
  "has_target_f1": 0.33333333333333337,
  "is_alive_accuracy": 0.95,
  "is_alive_precision": 0.0,
  "is_alive_recall": 1.0,
  "is_alive_f1": 0.0,
  "threatened_accuracy": 1.0,
  "threatened_precision": 1.0,
  "threatened_recall": 1.0,
  "threatened_f1": 1.0,
  "role_accuracy": 0.0,
  "position_mae": 66.06607055664062,
  "position_rmse": 73.93253326416016,
  "position_mape": 5636460.15625,
  "health_mae": 0.2058638036251068,
  "health_rmse": 0.2177249640226364,
  "health_mape": 20586381.25,
  "energy_mae": 6.421872138977051,
  "energy_rmse": 7.273505210876465,
  "energy_mape": 100.17397403717041,
  "iteration": 6,
  "compression_level": 2.0
}