{
  "position": 0.0,
  "health": 0.9541465863747467,
  "has_target": 9.886591064972686e-08,
  "energy": 1.0184245582527153e-23,
  "is_alive": 1.0,
  "role": 0.9436499419809443,
  "threatened": 1.0,
  "overall": 0.6317201880249499,
  "has_target_accuracy": 0.15,
  "has_target_precision": 1.0,
  "has_target_recall": 0.15,
  "has_target_f1": 0.2608695652173913,
  "is_alive_accuracy": 1.0,
  "is_alive_precision": 1.0,
  "is_alive_recall": 1.0,
  "is_alive_f1": 1.0,
  "threatened_accuracy": 1.0,
  "threatened_precision": 1.0,
  "threatened_recall": 1.0,
  "threatened_f1": 1.0,
  "role_accuracy": 0.0,
  "position_mae": 66.0541763305664,
  "position_rmse": 73.94088745117188,
  "position_mape": 4846941.015625,
  "health_mae": 0.1949053555727005,
  "health_rmse": 0.21665170788764954,
  "health_mape": 19490535.9375,
  "energy_mae": 6.413166046142578,
  "energy_rmse": 7.276069641113281,
  "energy_mape": 99.86149668693542,
  "iteration": 7,
  "compression_level": 2.0
}