{
  "position": 0.0,
  "health": 7.2366215163306375e-19,
  "has_target": 0.29098439862490594,
  "energy": 0.7480472282797205,
  "is_alive": 8.75651076269652e-27,
  "role": 0.7741419593791872,
  "threatened": 1.0,
  "overall": 0.3764993607027538,
  "has_target_accuracy": 0.4,
  "has_target_precision": 1.0,
  "has_target_recall": 0.0,
  "has_target_f1": 0.0,
  "is_alive_accuracy": 0.4,
  "is_alive_precision": 1.0,
  "is_alive_recall": 0.0,
  "is_alive_f1": 0.0,
  "threatened_accuracy": 1.0,
  "threatened_precision": 1.0,
  "threatened_recall": 1.0,
  "threatened_f1": 1.0,
  "role_accuracy": 0.6,
  "position_mae": 43.253684997558594,
  "position_rmse": 52.70698547363281,
  "position_mape": 155.21374940872192,
  "health_mae": 5.924421310424805,
  "health_rmse": 6.462968826293945,
  "health_mape": 96.41615748405457,
  "energy_mae": 0.4879940450191498,
  "energy_rmse": 0.538784921169281,
  "energy_mape": 77.16431617736816,
  "iteration": 2,
  "compression_level": 5.0
}