{
  "position": 0.0,
  "health": 6.227206660048637e-19,
  "has_target": 0.1702071864620143,
  "energy": 0.7185091083353542,
  "is_alive": 8.75651076269652e-27,
  "role": 0.6811314046067277,
  "threatened": 1.0,
  "overall": 0.34240157667146587,
  "has_target_accuracy": 0.4,
  "has_target_precision": 1.0,
  "has_target_recall": 0.0,
  "has_target_f1": 0.0,
  "is_alive_accuracy": 0.4,
  "is_alive_precision": 0.5,
  "is_alive_recall": 0.16666666666666666,
  "is_alive_f1": 0.25,
  "threatened_accuracy": 1.0,
  "threatened_precision": 1.0,
  "threatened_recall": 1.0,
  "threatened_f1": 1.0,
  "role_accuracy": 0.4,
  "position_mae": 44.450103759765625,
  "position_rmse": 54.3652458190918,
  "position_mape": 137.63725757598877,
  "health_mae": 5.927977561950684,
  "health_rmse": 6.474579811096191,
  "health_mape": 91.46527051925659,
  "energy_mae": 0.5314726233482361,
  "energy_rmse": 0.5749581456184387,
  "energy_mape": 86.10581159591675,
  "iteration": 1,
  "compression_level": 5.0
}